<?xml version="1.0" encoding="UTF-8" standalone="yes"?>
<addon id="plugin.video.Dokuhouse"
       name="Dokuhouse"
       version="0.5.4"
       provider-name="Mentality">
  <requires>
    <import addon="xbmc.python" version="2.1.0"/>
    <import addon="script.module.beautifulsoup" version="3.0.8"/>
  </requires>
  <extension point="xbmc.python.pluginsource"
            library="default.py">
        <provides>video</provides>
  </extension>
  <extension point="xbmc.addon.metadata">
    <summary>Mentality stellt vor</summary>
    <description lang="de">Es funktioniert wieder!
~~~Mentality wünscht euch viel Spaß~~~</description>    
    <description lang="en">It's running again!
~~~Have Fun!!! Mentality~~~</description>
    <platform>all</platform>
  </extension>
</addon>
