<?xml version="1.0" encoding="UTF-8" standalone="yes"?>
<addon id="plugin.audio.CatlaEmi"
       name="CatlaEmi"
       version="0.2.1"
       provider-name="Mentality">
    <requires>
        <import addon="xbmc.python" version="2.1.0"/>
        <import addon="script.module.beautifulsoup" version="3.2.0"/>
        <import addon="script.module.simple.downloader" version="1.9.4"/>
    </requires>
    <extension point="xbmc.python.pluginsource"
        library="default.py">
        <provides>audio</provides>
    </extension>
    <extension point="xbmc.addon.metadata">
        <summary>Mentality stellt vor</summary>
        <description>Fare ile sag tikla, download mp3 yada download album. Evet artik indirebiliyorsunuz :-) !!!
~~~Mentality wuenscht euch viel Spass~~~</description>
        <platform>all</platform>
    </extension>
</addon>
