<?xml version="1.0" encoding="UTF-8" standalone="yes"?>
<addon id="plugin.audio.musicstream"
       name="musicstream.cc"
       version="0.5.1"
       provider-name="Mentality">
  <requires>
    <import addon="xbmc.python" version="2.1.0"/>
    <import addon="script.module.beautifulsoup" version="3.2.0"/>
	  </requires>
  <extension point="xbmc.python.pluginsource"
            library="default.py">
        <provides>audio</provides>
  </extension>
  <extension point="xbmc.addon.metadata">
    <summary>Mentality stellt vor</summary>
    <description lang="de">Es funktioniert wieder, mit download Option.[CR]Mentality wünscht viel Spaß!</description>
    <description lang="en">It runs again, with download funtions.[CR]Mentality presents!</description>
    <platform>all</platform>
  </extension>
</addon>
