<?xml version="1.0" encoding="UTF-8" standalone="yes"?>
<addon id="plugin.video.Evonic"
       name="Evonic"
       version="1.2.9.3"
       provider-name="mentality">
    <requires>
        <import addon="xbmc.python" version="2.1.0"/>
        <import addon="script.module.beautifulsoup" version="3.2.0"/>
    </requires>
    <extension point="xbmc.python.pluginsource"
            library="default.py">
        <provides>video</provides>
    </extension>
    <extension point="xbmc.addon.metadata">
        <summary>Nur fuer Premium Member</summary>
        <description lang="de">
            Ich hoffe die Performance ist jetzt ein bisschen
besser. Habe das Modul komplett vom Plugin gebannt.            
Endlich ist die Ajaxsuche implementiert, Riesiger Dank geht 
an reeZZer!!!
Mentality und EVONIC wünschen euch viel Spaß!!!</description>
        <description lang="en">
            German language content.
Finally the ajaxsearch is implemented. Big thanks to reeZZer!!!
Mentality and EVONIC are presenting!!!</description>
        <platform>all</platform>
    </extension>
</addon>
