<?xml version="1.0" encoding="UTF-8" standalone="yes"?>
<addon id="plugin.video.MLE-HD"
       name="MLE-HD"
       version="0.3"
       provider-name="Mentality">
  <requires>
    <import addon="xbmc.python" version="1.0"/>
    <import addon="script.module.beautifulsoup" version="3.2.0"/>
	  </requires>
  <extension point="xbmc.python.pluginsource"
            library="default.py">
        <provides>video</provides>
  </extension>
  <extension point="xbmc.addon.metadata">
    <summary>Mentality stellt vor</summary>
    <description lang="de">Habe mal einen Login implementiert!!!
~~~Mentality wünscht euch viel Spass~~~</description>
    <platform>all</platform>
  </extension>
</addon>
