<?xml version="1.0" encoding="UTF-8" standalone="yes"?>
<addon id="plugin.video.MyEntertainment"
       name="My-Entertainment.biz"
       version="1.6"
       provider-name="mentality">
  <requires>
    <import addon="xbmc.python" version="2.1.0"/>
    <import addon="script.module.beautifulsoup" version="3.2.0"/>
    <import addon="script.module.mechanize" version="0.2.5"/>
    <import addon="script.module.urlresolver" version="1.0.1"/>
	  </requires>
  <extension point="xbmc.python.pluginsource"
            library="default.py">
        <provides>video</provides>
  </extension>
  <extension point="xbmc.addon.metadata">
    <summary>Nur fuer Premium Member</summary>
    <description>mit Hilfe von xbmctr.com</description>
    <description>Komplettversion!!! Alle Filme die auf der Seite gehen, gehen hier nun auch ohne Einschraenkung.
    Mentality und My-Entertainment wuenschen euch viel Spass!!!</description>
    <platform>all</platform>
  </extension>
</addon>
