<?xml version="1.0" encoding="UTF-8" standalone="yes"?>
<addon id="plugin.video.Beeg"
       name="Beeg.com"
       version="0.2"
       provider-name="Mentality">
  <requires>
    <import addon="xbmc.python" version="1.0"/>
	  </requires>
  <extension point="xbmc.python.pluginsource"
            library="default.py">
        <provides>video</provides>
  </extension>
  <extension point="xbmc.addon.metadata">
    <summary>Mentality stellt vor</summary>
    <description lang="de">Suche wurde implementiert
~~~Mentality wünscht euch viel Spaß~~~</description>    
    <description lang="en">Search was implemented
~~~Have Fun!!! Mentality~~~</description>
    <platform>all</platform>
  </extension>
</addon>
