<?xml version="1.0" encoding="UTF-8" standalone="yes"?>
<addon id="plugin.video.Evonic"
       name="Evonic"
       version="1.2.2"
       provider-name="mentality">
  <requires>
    <import addon="xbmc.python" version="2.1.0"/>
    <import addon="script.module.beautifulsoup" version="3.2.0"/>
    <import addon="script.module.mechanize" version="0.2.5"/>
    <import addon="script.module.urlresolver" version="1.0.1"/>
	  </requires>
  <extension point="xbmc.python.pluginsource"
            library="default.py">
        <provides>video</provides>
  </extension>
  <extension point="xbmc.addon.metadata">
    <summary>Nur fuer Premium Member</summary>
    <description lang="de">
Ihr könnt aussuchen ob ihr nur mobile, hdplus oder beides anzeigen wollt.
Youtube Trailer könnst ihr schauen wenn ihr "I" taste drückt und auf trailer geht.
Dank geht an dude aus dem Forum. Default ist auf Beide eingestellt.
Endlich ist die Ajaxsuche implementiert, Riesiger Dank geht an reeZZer!!!
Mentality und EVONIC wünschen euch viel Spaß!!!</description>
    <description lang="en">
German language content.
Finally the ajaxsearch is implemented. Big thanks to reeZZer!!!
Mentality and EVONIC are presenting!!!</description>
    <platform>all</platform>
  </extension>
</addon>
