<?xml version="1.0" encoding="UTF-8" standalone="yes"?>
<addon id="plugin.video.MyEntertainment"
       name="My-Entertainment.biz"
       version="1.8.6.4"
       provider-name="mentality">
  <requires>
    <import addon="xbmc.python" version="2.1.0"/>
    <import addon="script.module.beautifulsoup" version="3.2.0"/>
    <import addon="script.module.mechanize" version="0.2.5"/>
    <import addon="script.module.urlresolver" version="1.0.1"/>
	  </requires>
  <extension point="xbmc.python.pluginsource"
            library="default.py">
        <provides>video</provides>
  </extension>
  <extension point="xbmc.addon.metadata">
    <summary>Nur fuer Premium Member</summary>
    <description lang="de">
Jetzt sollte alles funktionieren.
Diesmal ist auch die SuFu gefixt!!!
Plugin wieder Lauffähig nach Webseitenänderung. 
Sorry das ich nicht gleich reagieren kann!!!
Mentality und My-Entertainment wünschen euch viel Spaß!!!</description>
    <platform>all</platform>
  </extension>
</addon>
