<?xml version="1.0" encoding="utf-8"?>
<ArrayOfitem>
<item>
<title>Der Patriot Extended Version</title>
<link>http://vidplay.net/oslxxz04t3kz</link>
<link>http://www.mightyupload.com/embed-b4b8at28muqr-645x353.html</link>
<thumbnail>http://s14.directupload.net/images/131026/763ybrdb.jpg</thumbnail>
<fanart></fanart>
<imdb>6.9</imdb>
<darsteller> Mel Gibson, Heath Ledger, Joely Richardson</darsteller>
<plot>South Carolina, 1776. Der Witwer Benjamin Martin (Mel Gibson), ein Veteran des blutigen Feldzugs gegen die Franzosen und die Indianer, lebt mit seinen sieben Kindern zurückgezogen auf seiner Plantage. Mit dem drohenden Krieg gegen die Engländer will der friedfertige Familienvater nichts zu tun haben. Doch als sich Benjamins idealistischer Sohn Gabriel (Heath Ledger) seinem Vater zum Trotz der kontinentalen Armee anschließt und der englische Colonel Tavington (Jason Isaacs) Gabriels jüngeren Bruder Thomas (Gregory Smith) in einem Akt grausamer Willkür erschießt, kann sich auch Benjamin dem Krieg nicht länger entziehen. Gemeinsam mit Gabriel führt er eine tapfere Rebellen-Miliz in den Kampf gegen die übermächtige englische Armee. Dabei entdeckt der Held wider Willen, dass er seine Familie nur beschützen kann, indem auch er für die Freiheit seiner jungen Nation kämpft...</plot>
<fsk>16</fsk>
<code>title</code>
</item>
<item>
<title>Australia</title>
<link>http://vidplay.net/qygr0er34ub8</link>
<link>http://www.mightyupload.com/embed-bu1alyq3qnp8-645x353.html</link>
<thumbnail>http://images.cinefacts.de/thumbs/Australia-Cover-181728.jpg</thumbnail>
<fanart></fanart>
<imdb>6.2</imdb>
<darsteller> Nicole Kidman, Hugh Jackman, Shea Adams</darsteller>
<plot>Australien, kurz vor dem Ausbruch des zweiten Weltkriegs: Lady Sarah Ashley (Nicole Kidman), eine englische Adelige, hat den beschwerlichen Weg von England genommen, um einige Dinge mit ihrem Mann zu klären, die ihre Ehe betreffen. Auf dem fünften Kontinent jedoch gerät sie in einen viel größeren Konflikt als sie es sich erträumt hat. Nachdem mit dem wortkargen Viehtreiber Drover (Hugh Jackman) endlich auf der abgelegenen Rinderfarm angekommen ist, ist ihr Mann ermordet worden und der Rinderbaron King Carney (Bryan Brown) will sich die Besitztümer und den Viehbestand einverleiben. Weil ihr Personal zum Teil von Carney gekauft wurde, engagiert sie Drover, um eine große quer durch das australische Outback zu treiben, um Carney sein Monopol zu versauen. Ein Himmelfahrtskommando wegen der äußeren Umstände und der Rücksichtslosigkeit Carneys – unbemerkt von den sonstigen Vorkommnissen in der Welt, denn inzwischen ist der Weltkrieg ausgebrochen und die Japaner haben den Allierten den Krieg erklärt. Australien wird bombardiert…</plot>
<fsk>12</fsk>
<code>title</code>
</item>
<item>
<title>The East (2013)</title>
<link>http://vidplay.net/if31br0uro72</link>
<link>http://www.mightyupload.com/embed-tq9sxkqmgmfs-645x353.html</link>
<thumbnail>http://images.cinefacts.de/thumbs/The-East_dvd_cover.jpg</thumbnail>
<fanart>http://d3gtl9l2a4fn1j.cloudfront.net/t/p/original/bKXZ8Oxn6zB3EnieQwKzBMk83NF.jpg</fanart>
<imdb>6.2</imdb>
<darsteller> Brit Marling, Alexander Skarsgård, Ellen Page</darsteller>
<plot>Sarah ist smart und will in einer großen Sicherheitsfirma Karriere machen. Die Eintrittskarte dazu könnte ihr neuer Auftrag, die Infiltrierung der geheimnisvollen Aktivistengruppe “The East” sein. Tatsächlich kann Sarah die Zelle aufspüren und Vertrauen zu den wenigen, aber engagierten Mitgliedern aufbauen, die mit unkonventionellen Aktionen Konzerne, die Schäden an Natur und Menschen skrupellos in Kauf nehmen, zur Rechenschaft ziehen. Je näher sie aber den Aktivisten kommt, desto distanzierter sieht sie ihr eigenes Leben.</plot>
<fsk>12</fsk>
<code>title</code>
</item>
<item>
<title>Sin Nombre Life Without Hope</title>
<link>http://vidplay.net/ey22b5lfdncv</link>
<link>http://www.mightyupload.com/embed-vggpw6b2mvvm-645x353.html</link>
<thumbnail>http://s14.directupload.net/images/131027/jgmhdzf6.jpg</thumbnail>
<fanart></fanart>
<imdb>6.5</imdb>
<darsteller> Joaquín Cosio, Greisy Mena, Fernando Moreno</darsteller>
<plot>Von dem Versprechen eines besseren Lebens getrieben, wollen Sabina (Greisy Mena) und Jovani (Fernando Moreno) nach Amerika auswandern. Sie stammen beide aus Honduras und wagen diese belastende Reise gemeinsam, doch ihr Weg endet früher als erwartet, denn zunächst stecken sie an der Grenze hinter Guatemala fest. Dort treffen sie auf korrupte Beamte und jede Menge Kriminelle, die auch vor gewaltvoller Durchsetzung ihres Willens nicht zurückschrecken. All jenen hilflos ausgesetzt, durchleiden die Flüchtlinge eine schwere Zeit: Die noch nicht volljährige Sabina heuert schließlich in einem Bordell an und der junge Jovani schließt sich einer Gang an, deren Aufgabe primär darin besteht, andere Flüchtlinge einzuschüchtern, deren Hab und Gut zu plündern und sie sogar umzubringen. Doch auch in diesen düsteren Tagen und während ihrer unfreiwilligen Arrangements geben sie die Hoffnung nicht auf und sehnen sich weiterhin nach einer glücklichen Zukunft im Land der unbegrenzten Möglichkeiten…</plot>
<fsk>16</fsk>
<code>title</code>
</item>
<item>
<title>Junkie</title>
<link>http://vidplay.net/p9x88r8nvqxg</link>
<link>http://www.mightyupload.com/embed-z7bl18007lbl-645x353.html</link>
<thumbnail>http://images.cinefacts.de/thumbs/4260336460237-Junkie.jpg</thumbnail>
<fanart>http://d3gtl9l2a4fn1j.cloudfront.net/t/p/original/jUFX7ZqobN4b3YR0vkw9GkxEucv.jpg</fanart>
<imdb>4.8</imdb>
<darsteller> Robert LaSardo, Daniel Louis Rivas, Tess Panzer</darsteller>
<plot>Danny (Daniel Louis Rivas) teilt mit seinem Bruder Nicky (Robert LaSardo) eine gemeinsame Vorliebe: Drogen. Doch nun hat Danny genug davon, sich ständig voll zu dröhnen. Eines Morgens wacht er auf und beschließt spontan, ab sofort die Finger davon zu lassen. Nicky hält wenig davon und ist sich sicher, dass sein Bruder das nicht lange aushält. Daher überredet er Danny zu einigen skurrilen Experimenten, um dessen Standhaftigkeit auf die Probe zu stellen. Doch damit nicht genug, denn Danny muss sich auch noch mit anderen Problemen herumschlagen - wie mit seiner gestörten Beziehung zu Sonia (Tess Panzer), seinem afro-amerikanischen 'Nazi'-Dealer Otto (Tomas Boykin) und seinem sexsüchtigen Vater (Andrew Howard). Dannys Leben gerät sehr bald außer Kontrolle und er muss sich höllisch anstrengen, um die angeknackten Beziehungen in seinem äußerst bizarren Umfeld wieder zu reparieren und den Drogen endgültig Ade sagen zu können, was Nicky allerdings um jeden Preis zu verhindern will.</plot>
<fsk>18</fsk>
<code>title</code>
</item>
<item>
<title>Jets Helden der Lüfte</title>
<link>http://vidplay.net/qz6by9afw49z</link>
<link>http://www.mightyupload.com/embed-wb65vxwtxxft-645x353.html</link>
<thumbnail>http://images.cinefacts.de/thumbs/Jets-Helden-der-Lufte-Poster.jpg</thumbnail>
<fanart>http://d3gtl9l2a4fn1j.cloudfront.net/t/p/original/kSBPx3rBik8rkzK3mM6UUf3nc32.jpg</fanart>
<imdb>3.1</imdb>
<darsteller> Armen Adilkhanyan, Tilek Cherikov</darsteller>
<plot>Die alljährliche Flugschau steht bevor: Der kleine Maverick, ein gewitzter und lebensfroher Jet, wird tatsächlich für den Wettbewerb zugelassen. Er bittet ein paar der größten Koryphäen der Fliegerei, ihn auf die größte Herausforderung seines Lebens vorzubereiten – doch diese Veteranen sind bereits uralt und somit nicht immer eine große Hilfe… Dazu kommt, dass sich Maverick Hals über Kopf in die bezaubernde Lightning verliebt, die sich kurz darauf aber als Freundin des bösartigen Thunder herausstellt. Thunder möchte Mavericks Pläne, den Wettbewerb als Sieger zu verlassen, durchkreuzen. Da hat er aber die Rechnung ohne Maverick und seine neuen Freunde gemacht. Gemeinsam kämpfen sie dafür, Maverick fliegen zu lassen, wie er noch nie zuvor geflogen ist und nebenbei das Herz der schönen Lightning zu gewinnen.</plot>
<fsk>0</fsk>
<code>title</code>
</item>
<item>
<title>Revenge for Jolly</title>
<link>http://vidplay.net/eg9vz888opbi</link>
<link>http://www.mightyupload.com/embed-2twjnagluz9t-645x353.html</link>
<thumbnail>http://s7.directupload.net/images/131028/bijhhksi.jpg</thumbnail>
<fanart>http://d3gtl9l2a4fn1j.cloudfront.net/t/p/original/c98xnwEMPsnR0TYiQ2UElMWolIo.jpg</fanart>
<imdb>4.2</imdb>
<darsteller> Brian Petsos, Kristen Wiig, Elijah Wood</darsteller>
<plot>Als Harry nach einer durchzechten Nacht mit seinem Cousin Cecil nach Hause kommt, findet er dort seine einzig wahre Liebe – eine kleine Hundedame namens Jolly – tot im Wohnzimmer hängend vor. Gebrochenen Herzens schwört er, den hinterhältigen Mord an seinem Hündchen zu rächen. Der Kofferraum seines alten Cadillacs dient fortan als Munitionslager und mit erhöhtem Promille-Spiegel beginnt eine bleihaltige Jagd auf den feigen Übeltäter …</plot>
<fsk>18</fsk>
<code>title</code>
</item>
<item>
<title>The Axe Is Back - Die Rache der Lizzie Borden</title>
<link>http://vidplay.net/n9rssmyjcju4</link>
<link>http://www.mightyupload.com/embed-t7zoh5iwbgpg-645x353.html</link>
<thumbnail>http://www.bilder-upload.eu/upload/42eb61-1382980904.jpg</thumbnail>
<fanart>http://d3gtl9l2a4fn1j.cloudfront.net/t/p/original/seaJJP5dCq1VH7LuYPYZVIIgbmT.jpg</fanart>
<imdb>-</imdb>
<darsteller> Jenny Allford, Michael Beardsley, Kelly Erin Decker</darsteller>
<plot>Die Vertreterinnen einer Studentenvereinigung wollen ein neues Mitglied in ihrer Mitte aufnehmen: Leslie Borden (Veronica Ricci). Sie ist ein Nachkomme der legendären Lizzie Borden (Jenny Allford), die im 19. Jahrhundert ihre beiden Eltern bestialisch tötete. Der Aufnahmeritus soll im Zusammenhang mit einer Pyjama-Party stattfinden. Aufgrund der Prominenz planen die Studentinnen, den Geist ihrer Vorfahrin heraufzubeschwören. Doch plötzlich können sie das Haus nicht mehr verlassen und sind darin gefangen. Offensichtlich ist es ihnen tatsächlich gelungen, den Lizzie Bordens Geist ins Diesseits zu befördern, allerdings hat sie eine Axt dabei und will jeden töten, der sich im Gebäude aufhält.</plot>
<fsk>18</fsk>
<code>tt2459038</code>
</item>
<item>
<title>The Crow 3 - Tödliche Erlösung UNCUT</title>
<link>http://vidplay.net/37fjkjmqdp53</link>
<link>http://www.mightyupload.com/embed-11lradjotyxc-645x353.html</link>
<thumbnail>http://images.cinefacts.de/thumbs/The-Crow-3_uncut_dvd_cover.jpg</thumbnail>
<fanart>http://d3gtl9l2a4fn1j.cloudfront.net/t/p/original/vZ1rmo0QyqyLYn1CwyrX9gyXWDa.jpg</fanart>
<imdb>4.6</imdb>
<darsteller> Kirsten Dunst, Eric Mabius, Fred Ward</darsteller>
<plot>Alex Corvis (Eric Mabius ) soll seine Freundin Lauren Randall (Jodi Lyn O'Keefe ) grausam ermordet haben. Obwohl er immer wieder seine Unschuld beteuert, wird er zum Tode verurteilt und landet schließlich auf dem elektrischen Stuhl. Doch Alex‘s gemarterte Seele findet keine Ruhe, solange der Tod seiner Freundin ungesühnt bleibt. Als „The Crow“ kehrt er zurück, um an den wahren Schuldigen gnadenlos Rache zu nehmen. Er kommt gerade rechtzeitig, um zu entdecken, dass Laurens jüngere Schwester Erin (Kirsten Dunst) mittlerweile selbst in den Dunstkreis der Mörder geraten ist. Ausgerechnet eine Einheit korrupter Polizisten hat ihre Finger im Spiel. Wird Alex alias „The Crow“ rechtzeitig die Hintermänner entlarven und Erins Leben retten können?</plot>
<fsk>18</fsk>
<code>tt0132910</code>
</item>
<item>
<title>Ghost Shark - Die Legende lebt</title>
<link>http://vidplay.net/9uap3z13iptq</link>
<link>http://www.mightyupload.com/embed-82jbpqzcin1l-645x353.html</link>
<thumbnail>http://images.cinefacts.de/thumbs/Ghost-Shark_dvd_cover.jpg</thumbnail>
<fanart>http://d3gtl9l2a4fn1j.cloudfront.net/t/p/original/DoNksHMYnjCAUgGEPqFyMVB11P.jpg</fanart>
<imdb>3.5</imdb>
<darsteller> Robert Aberdeen, Jayme Bohn, Eliot Brasseaux</darsteller>
<plot>Grausam entstellte Leichen in einer kleinen amerikanischen Küstenstadt lassen die Legende um den fürchterlichen "Ghost Shark", der sich sowohl im Wasser als auch zu Lande bewegen kann, wieder aufleben. Eine professionelle Geisterjägerin (Mackenzie Rosman) und ein alter Kapitän (Dave Randolph-Mayhem Davis) sind die einzigen, die an die Legende glauben und bereit sind sich der Bestie in ihren blutigen Weg zu stellen. Doch die Wahrheit, die in den dunklen Annalen der Stadtgeschichte zu finden ist, ist unfassbar ...</plot>
<fsk>18</fsk>
<code>tt2600742</code>
</item>
<item>
<title>Glanz &amp; Gloria</title>
<link>http://vidplay.net/bwzjnqrnri1c</link>
<link>http://www.mightyupload.com/embed-oetf5v3rndnm-645x353.html</link>
<thumbnail>http://images.cinefacts.de/thumbs/GlanzGloria-Filmbild-217835.jpg</thumbnail>
<fanart></fanart>
<imdb>5.9</imdb>
<darsteller> Alexander Marcus, Ines Aniol, Aykut Kayacik</darsteller>
<plot>Alexander Marcus ist auf dem Gipfel des Ruhms angekommen. Er ist ein Superstar, dem die Fans zu Füßen liegen. Wo er mit seinem treuen Gefährten Globi auftritt, löst er Begeisterung aus. Keiner weiß, dass Alexander von seiner neuen Managerin gefügig gemacht wurde mit der brandgefährlichen neuen Droge Egoin, die durch’s Ohr konsumiert wird. Nach einer besonders hohen Dosis bleibt Alexander auf dem Trip hängen. Mit einem Schlag ist seine Karriere zerstört, Globi ist verschwunden, Alexander selbst wird in eine Nervenheilanstalt eingeliefert. Doch auch dort ist er nicht sicher: Seine Managerin trachtet ihrem einstigen Topklienten nach dem Leben. Alexander muss untertauchen, wieder zu sich selbst finden. Und entdecken, dass er nur dann gewinnen kann, wenn er seine Liebe zur Musik wiederentdeckt.</plot>
<fsk>12</fsk>
<code>tt2403877</code>
</item>
<item>
<title>Best Laid Plans</title>
<link>http://vidplay.net/e1ix9ckp40ip</link>
<link>http://www.mightyupload.com/embed-cygsb1ydy9ot-645x353.html</link>
<thumbnail>http://images.cinefacts.de/thumbs/BestLaidPlans-Cover-125115.jpg</thumbnail>
<fanart>http://d3gtl9l2a4fn1j.cloudfront.net/t/p/original/5ELlJQ9FpdwNnOg7TMTDNUSxJoI.jpg</fanart>
<imdb>6.1</imdb>
<darsteller> Alessandro Nivola, Reese Witherspoon, Josh Brolin</darsteller>
<plot>Nick (Alessandro Nivola) will raus. Einfach nur weg aus dem Kleinstadtkaff Tropico, fort von seinem miesen Job in einer Recyclingfirma. Auch seine Freundin Lissa (Reese Witherspoon) träumt von einem anderen, besseren Leben in der Großstadt, um sich endlich als Künstlerin verwirklichen zu können. Als ihm daher sein Arbeitskollege anbietet, bei einem Überfall auf einen Drogendealer den Fluchtwagen zu fahren, wittert Nick die Chance aufs schnelle Geld. Doch der Coup geht schief, und der Dealer droht, Nick umzubringen, falls er nicht innerhalb weniger Tage 15.000 Dollar auftreibt… Da trifft es sich gut, dass vor kurzem Nicks alter Highschool-Kumpel Bryce (Josh Brolin) zurückgekehrt ist, um das Haus eines reichen Sammlers zu hüten. Hier steht und liegt genug wertvoller Krempel herum, der Nick mit einem Schlag von all seinen Sorgen befreien würde. Doch wie kann man Bryce davon abhalten, einen Diebstahl der Polizei zu melden? - Indem man ihn glauben macht, er selbst habe ein noch schlimmeres Verbrechen begangen, zum Beispiel die Vergewaltigung einer Minderjährigen. Nicks Einsatz in diesem riskanten Pokerspiel ist hoch: Niemand geringeres als Lissa…</plot>
<fsk>16</fsk>
<code>tt0133412</code>
</item>
<item>
<title>Collateral</title>
<link>http://vidplay.net/binzcngf61gk</link>
<link>http://www.mightyupload.com/embed-4lvn91kuwljo-645x353.html</link>
<thumbnail>http://images.cinefacts.de/thumbs/Collateral-Filmbild-26260.jpg</thumbnail>
<fanart>http://d3gtl9l2a4fn1j.cloudfront.net/t/p/original/whhU7492W0fcZE73r1HNhfyc5uV.jpg</fanart>
<imdb>7.6</imdb>
<darsteller> Tom Cruise, Jamie Foxx, Jada Pinkett Smith</darsteller>
<plot>Max (Jamie Foxx), ein Taxifahrer in L.A. der von einer besseren Zukunft träumt und seiner Mutter vorgaukelt, im Leben erfolgreich zu sein ist zur falschen Zeit am falschen Ort, als er sich Vincent (Tom Cruise) als Fahrgast auflädt. Dieser besticht Max, ihn entgegen den Regeln die Nacht über zu verschiedenen Freunden zu kutschieren und jeweils zu warten, bis der Besuch vorüber ist. Als jedoch der erste „Freund“ tot aus dem Fenster und ausgerechnet auf das Taxi fällt, muß Max realisieren, daß sich hinter der stylisch-glatten Fassade des Geschäftsmannes ein skrupelloser Auftragskiller verbirgt. Fortan als Geisel zur Weiterfahrt gezwungen fährt Max Vincent von einem Mordauftrag zum nächsten. Immer wieder versucht er, aus der Falle seines Taxis zu entkommen während die Polizei den Hintergründen der Mordserie und damit auch ihnen auf der Spur ist.</plot>
<fsk>16</fsk>
<code>tt0369339</code>
</item>
<item>
<title>Boogeyman 2 Wenn die Nacht Dein Feind wird</title>
<link>http://vidplay.net/hoitzr9gye8g</link>
<link>http://www.mightyupload.com/embed-t3wml58e0evj-645x353.html</link>
<thumbnail>http://images.cinefacts.de/thumbs/Boogeyman2WenndieNachtDeinFeindwird-Cover-173541.jpg</thumbnail>
<fanart>http://d3gtl9l2a4fn1j.cloudfront.net/t/p/original/2lyKiJS6QFxsuAGdAxaFhgQxsP8.jpg</fanart>
<imdb>4.9</imdb>
<darsteller> Danielle Savre, Matt Cohen, Christine Griffith</darsteller>
<plot>Traumatische Kindheitserlebnisse hinterlassen oftmals tiefe Spuren in den Seelen der Heranwachsenden, die nur durch professionelle Hilfe überwunden werden können. Die Geschwister Henry (Matt Cohen) und Laura Porter (Danielle Savre) haben als Kinder eine der schlimmsten Erfahrungen machen müssen. Ihre Eltern wurden genau dort auf brutale Weise getötet, wo die Sicherheitserwartung am Größten ist: im eigenen Zuhause. Während Henry mit Hilfe einer psychiatrischen Klinik das Trauma bekämpft hat und dadurch die Angst vor der Dunkelheit überwinden konnte, wird Laura immer noch von den inneren Dämonen gejagt, die aus dem schockierenden Erlebnis hervorgegangen sind. Deswegen kümmert sich Henry darum, dass Laura in der gleichen psychiatrischen Klinik Hilfe findet, die ihn auf seinem Weg unterstützen konnte. Aber schon kurz nach Lauras Eintreffen taucht die erste Leiche auf.</plot>
<fsk>18</fsk>
<code>title</code>
</item>
<item>
<title>Hypnos Traum oder Realität</title>
<link>http://vidplay.net/6fa745zfw7d3</link>
<link>http://www.mightyupload.com/embed-qgndnn9biriy-645x353.html</link>
<thumbnail>http://images.cinefacts.de/thumbs/Hypnos-Cover-149130.jpg</thumbnail>
<fanart></fanart>
<imdb>4.9</imdb>
<darsteller> Cristina Brondo, Demian Bichir, Marisol Membrillo</darsteller>
<plot>Das Psychologie Studium ist Beendet und die junge Doktorin Beatriz Vargas konnte eine Stelle ergattern in der forensischen Psychiatrie. In ihrem Beruf blüht sie voll und ganz auf, es könnte nicht besser laufen. Die Klinik liegt idyllisch direkt am Meer, mit den Kollegen versteht sie sich blendend und selbst schwierige Patienten fassen langsam aber sicher Vertrauen zu ihr. Doch nach dem Vorkommen einiger mysteriöser Todesfälle wird Beatriz misstrauisch. Ein Patient von ihr versucht ihr auch glaubhaft zu vermitteln, dass er ein Polizist ist. Die junge Psychologin fängt an eigen Nachforschungen zu betreiben, doch schnell findet sie sich selbst wieder in der Gummizelle.</plot>
<fsk>18</fsk>
<code>title</code>
</item>
<item>
<title>Atlantis Das Geheimnis der verlorenen Stadt</title>
<link>http://vidplay.net/s2hjyh7wr14j</link>
<link>http://www.mightyupload.com/embed-jwtww413zar1-645x353.html</link>
<thumbnail>http://s1.directupload.net/images/131031/xxlh64u3.jpg</thumbnail>
<fanart>http://d3gtl9l2a4fn1j.cloudfront.net/t/p/original/6tDYT0R7uzVroxR7W2nppuTv2Ha.jpg</fanart>
<imdb>6.5</imdb>
<darsteller> Michael J. Fox, Jim Varney, Corey Burton</darsteller>
<plot>Der junge Wissenschaftler Milo (Originalsprecher: Michael J. Fox) ist davon überzeugt: Die geheimnisvolle, versunkene Stadt Atlantis ist nicht bloß eine Legende – sie existiert wirklich! Auch wenn ihn alle für verrückt halten, taucht er ein in die Tiefen des Meeres, um dem Geheimnis von Atlantis auf die Spur zu kommen. Mit einer bunt gemischten Crew aus schrägen Typen, verlässlichen Experten und vermeintlichen Freunden begibt er sich auf eine gigantische U-Boot Expedition. Bei dieser waghalsigen Mission entdecken sie, was niemand jemals zuvor geahnt hat: Atlantis lebt! Tief unter dem Meer konnte sich unter Führung des atlantischen Königs und seiner Tochter Kida ein Teil der atemberaubenden Kultur erhalten. Doch Atlantis schwebt in großer Gefahr. Nur Prinzessin Kida und Milo sind jetzt in der Lage, die mystische Stadt vor ihrem endgültigen Untergang zu bewahren. Schon bald beginnt eine abenteuerliche Jagd nach dem Schlüssel zur lebenswichtigen Energiequelle – werden Milo und Kida Atlantis vor dem endgültigen Untergang bewahren?</plot>
<fsk>16</fsk>
<code>title</code>
</item>
<item>
<title>Year One Aller Anfang ist schwer UNCUT</title>
<link>http://vidplay.net/8hwqp64w9f6d</link>
<link>http://www.mightyupload.com/embed-tayf3s66xniv-645x353.html</link>
<thumbnail>http://s1.directupload.net/images/131031/e7oi5kw8.jpg</thumbnail>
<fanart>http://d3gtl9l2a4fn1j.cloudfront.net/t/p/original/enfrXrZdjLqmyxyqum4fiFVGsSy.jpg</fanart>
<imdb>4.8</imdb>
<darsteller> Jack Black, Michael Cera, Olivia Wilde</darsteller>
<plot>Zed (Jack Black) und Oh (Michael Cera) haben es nicht leicht in ihrem Stamm. Zed ist ein lausiger Jäger und Oh’s Fähigkeiten als Sammler werden auch nicht anerkannt. Kein Wunder, dass die von ihnen begehrten Weibchen Eema (Juno Temple) und Maya (June Diane Raphael ) wenig Notiz von ihnen nehmen und die kräftigen Beschützer bevorzugen. Als es Zed wagt, von der verbotenen Frucht eines Apfels zu kosten, wird er von seinem Stamm verstossen und muss allein in die Wildnis gehen. Nur sein bester Freund Oh begleitet ihn auf seinem Weg zum Ende der Welt, das gleich hinter dem nächsten Berg liegen soll…</plot>
<fsk>16</fsk>
<code>title</code>
</item>
<item>
<title>Fresh Meat (2012)</title>
<link>http://vidplay.net/rglndhnjuxf0</link>
<link>http://www.mightyupload.com/embed-r6829k348hsv-645x353.html</link>
<thumbnail>http://s1.directupload.net/images/131031/3ywoqedf.jpg</thumbnail>
<fanart>http://d3gtl9l2a4fn1j.cloudfront.net/t/p/original/8XVc5jgPhyq2s7fUWUWoge3nKO5.jpg</fanart>
<imdb>5.1</imdb>
<darsteller> Temuera Morrison, Nicola Kawana, Hanna Tevita</darsteller>
<plot>Hemi (Temuera Morrison) ist Hilfsprofessor an einer Universität, an der er sich als Maori oftmals diskriminiert fühlt. Seine Familie besteht aus seiner Frau Margaret (Nicola Kawana), die als Kochbuch-Autorin prämiert wurde, Tochter Rina (Hanna Tevita) und Sohn Glenn (Kahn West). Beinahe alle Familienmitglieder hüten ein Geheimnis und wissen nicht, wie sie es den anderen beibringen sollen. Eines Tages wird die Familie im trauten Heim von einer Bande Gesetzloser, die gerade aus dem Gefängnis ausgebrochen ist, überrascht und terrorisiert. Die Gangster nutzen das Familienhaus als Versteck und wollen es sich so richtig gemütlich machen. Die Gastfamilie ist jedoch auch nicht ganz harmlos, schließlich sind sie kultivierte Kannibalen und immer auf der Suche nach kulinarischen Highlights auf dem heimischen Esstisch...</plot>
<fsk>18</fsk>
<code>title</code>
</item>
<item>
<title>Wir sind die Millers EXTENDED (2013)</title>
<link>http://vidplay.net/abbnv8iodf4z</link>
<link>http://www.mightyupload.com/embed-9g2zg88dn97b-645x353.html</link>
<thumbnail>http://images.cinefacts.de/thumbs/Wir-sind-die-Millers_dvd_cover.jpg</thumbnail>
<fanart></fanart>
<imdb>7.2</imdb>
<darsteller> Jason Sudeikis, Jennifer Aniston, Emma Roberts</darsteller>
<plot>David Clark (Jason Sudeikis), ein kleiner, lokaler Drogendealer, versucht alles, um ein unauffälliges Dasein zu führen. Als er einigen Teenagern in Not zu Hilfe eilt, rauben ihm drei angriffslustige Punks sein Geld und seinen Stoff. David steckt ziemlich tief in der Patsche, da er nun bei seinem Marihuana-Zulieferer Brad (Ed Helms) hohe Schulden hat, ihm aber das Geld fehlt, diese zu begleichen. Brad bietet ihm eine Chance, die nötigen Scheinchen zu verdienen: David soll die nächste große Marihuana-Lieferung über die mexikanische Grenze in die USA schmuggeln. Zu diesem Zweck besorgt sich der Dealer in Geldnot kurzerhand eine Scheinfamilie, um während seiner Reise nach Mexiko möglichst wenig aufzufallen. Für sein heikles Vorhaben gewinnen kann er die Stripperin Rose (Jennifer Aniston), den Loser Kenny (Will Poulter) und das Straßenkind Casey (Emma Roberts). Zusammen fahren sie als "Familie Miller" getarnt in einem Wohnmobil zum vorgetäuschten Kurzurlaub über die Grenze nach Mexiko. Da ist das Chaos vorprogrammiert...</plot>
<fsk>12</fsk>
<code>title</code>
</item>
<item>
<title>Fliegende Liebende (2013)</title>
<link>http://vidplay.net/kewi4664lq9q</link>
<link>http://www.mightyupload.com/embed-ou31m4ynpmox-645x353.html</link>
<thumbnail>http://images.cinefacts.de/thumbs/5050582960044-Fliegende-Liebende.jpg</thumbnail>
<fanart>http://d3gtl9l2a4fn1j.cloudfront.net/t/p/original/HjoD0DLnTyw5kzEWNTraEMug8l.jpg</fanart>
<imdb>5.6</imdb>
<darsteller> Javier Cámara, Pepa Charro, Cecilia Roth</darsteller>
<plot>"Verehrte Fluggäste, aufgrund eines kleinen technischen Problems werden wir in Kürze notlanden, falls wir es bis zum nächsten Flughafen schaffen sollten. Es besteht kein Grund zur Beunruhigung, aber ein Gebet könnte sicherlich nicht schaden. Wir wünschen noch einen angenehmen Flug." Diese alarmierende Durchsage der Chef-Stewards Joserra (Javier Cámara), Fajas (Carlos Areces) und Ulloa (Carlos Areces) sorgt für weniger Panik, als man annehmen könnte, denn die meisten Passagiere sind bereits von Schlaftabletten oder von Meskalin im Tomatensaft völlig benebelt. Das letztgenannte Mittelchen sorgt zudem dafür, dass sich die enthemmten Reisenden bald grenzenlose Freiheiten nehmen. Es kommt zu Heulkrämpfen, Seelen-Offenbarungen und Ganzkörperstriptease - und das nicht nur bei den Fluggästen, sondern auch beim Personal - insbesondere im Cockpit, wo die Piloten Benito (Hugo Silva) und Alex (Antonio de la Torre) mehr mit ihren homoerotischen Neigungen beschäftigt sind als mit der Rettung ihres richtungslosen Fliegers...</plot>
<fsk>16</fsk>
<code>title</code>
</item>
<item>
<title>Armored</title>
<link>http://vidplay.net/p2umpj1mg5tw</link>
<link>http://www.mightyupload.com/embed-8r610y11z5kr-645x353.html</link>
<thumbnail>http://images.cinefacts.de/thumbs/Armored-Cover-195733.jpg</thumbnail>
<fanart></fanart>
<imdb>5.6</imdb>
<darsteller> Columbus Short, Matt Dillon, Laurence Fishburne</darsteller>
<plot>Das perfekte Verbrechen  ohne Opfer, ohne Gewalt, ohne Beweis  nimmt in dem actiongeladenen Thriller 'Armored' eine tragische Wendung. Eine Gruppe bewaffneter Wachleute eines Geldtransporters raubt die eigene Firma aus. Ihr akribisch ausgeführter und scheinbar idiotensicherer Plan verläuft zunächst reibungslos, doch dann geschieht plötzlich etwas Unvorhergesehenes, das alles ändert. Nun wenden sich die Männer gegeneinander und jeder versucht, sich selbst zu retten... In den Hauptrollen dieses spannenden Action-Thrillers spielen Matt Dillon, Jean Reno, Laurence Fishburne, Amaury Nolasco, Fred Ward, Milo Ventimiglia, Skeet Ulrich und Columbus Short. Regie führte Nimród Antal.</plot>
<fsk>16</fsk>
<code>title</code>
</item>
<item>
<title>Planes (2013)</title>
<link>http://vidplay.net/sceh7zzj1qs0</link>
<link>http://www.mightyupload.com/embed-t0dina8e0g0l-645x353.html</link>
<thumbnail>http://images.cinefacts.de/thumbs/Planes-Poster-neu.jpg</thumbnail>
<fanart>http://d3gtl9l2a4fn1j.cloudfront.net/t/p/original/jUe7RbnkLXGYC9MPhdN9cruy4L0.jpg</fanart>
<imdb>5.2</imdb>
<darsteller> Carlos Alazraqui, Dane Cook, Stacy Keach</darsteller>
<plot>“Wings around the Globe” ist eines der größten Flugzeugrennen der Welt und der große Traum von Sprühflugzeug Dusty. Das Problem ist jedoch, dass Dusty, für ein Flugzeug äußerst ungünstig, an Höhenangst leidet. Der Marineflieger Skipper scheint seine letzte Hoffnung, und so nimmt er das junge Flugzeug unter seine Fittiche. Zunächst wird Dusty von der Konkurrenz nur belächelt, doch langsam entwickelt er sich doch zu einem talentierten Flugzeug.</plot>
<fsk>16</fsk>
<code>title</code>
</item>
<item>
<title>American Me</title>
<link>http://vidplay.net/2qwxpuuac8fw</link>
<link>http://www.mightyupload.com/embed-10qkakv3pfmg-645x353.html</link>
<thumbnail>http://www.gazillionmovies.com/Movies/Review/DVD/Posters/Tickets/A/Images/AmericanMe.jpg</thumbnail>
<fanart>http://d3gtl9l2a4fn1j.cloudfront.net/t/p/original/eJYh0ePAVWqFz1CooYPY8Akl6cH.jpg</fanart>
<imdb>6.9</imdb>
<darsteller> Edward James Olmos, William Forsythe, Sal Lopez</darsteller>
<plot>Santana (Edward J. Olmos) ist schon früh mit dem Gesetz in Konflikt gekommen, so dass der Weg aus seinem Viertel in den Knast nicht überraschend war. Die Zeit in Folsom Prison hat aus dem kleinen Licht einen Anführer gemacht, der das Drogengeschäft innerhalb und außerhalb des Gefängnisses unter seine Kontrolle bringen konnte. Nach seiner Entlassung plant Santana ein eher ruhiges Leben, aber das Verbrechen holt ihn in Gestalt seiner Kumpel wieder ein. So dauert es nicht lange, bis er wieder voll im Geschäft ist und sich dadurch mit der mexikanischen Drogenmafia anlegt, die den Markt kontrollieren will. Ein gnadenloser Kampf ums Überleben beginnt. Kann Santana vielleicht doch irgendwie aus dem Kreislauf der Kriminalität ausbrechen? Die Verhältnisse im Umfeld machen das jedenfalls alles andere als einfach...</plot>
<fsk>16</fsk>
<code>title</code>
</item>
<item>
<title>Hauptsache verliebt</title>
<link>http://vidplay.net/l92vbinzkrqi</link>
<link>http://www.mightyupload.com/embed-qumm5d8eb2xz-645x353.html</link>
<thumbnail>http://images.cinefacts.de/thumbs/Hauptsacheverliebt-Cover-178488.jpg</thumbnail>
<fanart>http://d3gtl9l2a4fn1j.cloudfront.net/t/p/original/9IdLH740zWMBb6ZWqUG6qsfmpeX.jpg</fanart>
<imdb>6.0</imdb>
<darsteller> Michelle Pfeiffer, Paul Rudd, Saoirse Ronan</darsteller>
<plot>Mittvierzigerin Rosie wohnt mit ihrer Teenagertochter in Hollywood, schreibt Episoden für eine im Quotensinkflug begriffene Schüler-Sitcom und hat den Traum von der großen Liebe fast schon aufgegeben. Da taucht auf einem Casting der Jungdreißiger Adam auf und wickelt sie mit seinem jungenhaften Charme um den Finger. Mit Adam nimmt die Show neue Fahrt auf, und auch privat scheint es zwischen ihm und Rosie zu funken. Doch dann bietet man Adam eine eigene Show an, und eine Neiderin sät Zwietracht.</plot>
<fsk>12</fsk>
<code>title</code>
</item>
<item>
<title>Freaky Deaky Das Ende der Zündschnur (2012)</title>
<link>http://vidplay.net/rjuvfwal4ory</link>
<link>http://www.mightyupload.com/embed-c7ive5ywhonq-645x353.html</link>
<thumbnail>http://s1.directupload.net/images/131102/4ilirrem.jpg</thumbnail>
<fanart></fanart>
<imdb>6.2</imdb>
<darsteller> Billy Burke, Christian Slater, Crispin Glover</darsteller>
<plot>Racano) und der Hollywood-Stuntman und Sprengstoffexperte Skip Gibbs (Christian Slater) offizielle Gebäude der US-Bundesregierung in die Luft. Die Aufträge und Informationen zu ihren Anschlägen bekommen sie von zwei radikalen Aufrührern. Einer von ihnen ist Woody Ricks (Crispin Glover), der Besitztümer im Wert von 100 Millionen Dollar geerbt hat. Robin schafft es, Skip zu überzeugen, Ricks mit ein paar Bomben Angst einzujagen und ihn so um einen Teil seines Geldes zu erpressen. Der Polizist Chris Mankowski (Billy Burke) wird auf den explosiven Fall aufmerksam, als eine junge Schauspielerin behauptet, von Ricks missbraucht worden zu sein. Nun muss der Cop unfreiwillig in einem Bereich ermitteln, mit dem er nach seinen eigenen und äußerst schlechten Erfahrungen mit Bomben eigentlich nichts mehr zu tun haben wollte. Während seiner Nachforschungen fällt Mankowski Woodys Bodyguard Donnell Lewis (Michael Jai White) auf; dieser hat offensichtlich ebenfalls ein Auge auf das Geld geworfen…</plot>
<fsk>16</fsk>
<code>title</code>
</item>
<item>
<title>Percy Jackson Im Bann des Zyklopen (2013)</title>
<link>http://vidplay.net/kzoymvm3p43j</link>
<link>http://www.mightyupload.com/embed-u5fakqkisv6f-645x353.html</link>
<thumbnail>http://s1.directupload.net/images/131102/c95yy7ir.jpg</thumbnail>
<fanart>http://d3gtl9l2a4fn1j.cloudfront.net/t/p/original/1sgzh8cdiHPeZrxjQLk6JGkzU3b.jpg</fanart>
<imdb>6.4</imdb>
<darsteller> Logan Lerman, Alexandra Daddario, Brandon T. Jackson</darsteller>
<plot>Percy Jackson (Logan Lerman) ist mehr als ein gewöhnlicher Junge. Vor einiger Zeit fand er heraus, dass er der Sohn des Meeresgottes Poseidon ist. Nachdem er dem Göttervater Zeus seinen Herrscherblitz wieder zurückgebracht hat, kehrt er mit seinem besten Freund Grover Underwood (Brandon T. Jackson) und seiner neuen Begleiterin Annabeth (Alexandra Daddario) ins Camp der Halbgötter zurück. Doch das Lager wird angegriffen, der schützende Wall existiert auf einmal nicht mehr und Grover wird entführt. Nur wenn Percy das Goldene Vlies findet, kann er das Camp retten und seinen besten Freund aus den Fängen des mächtigen Zyklopen befreien. Dazu braucht er die Hilfe von Annabeth und seinem Halbbruder Tyson (Douglas Smith). Zusammen mit seinen Begleitern begibt er sich auf zur tollkühnen Rettungsaktion, die sie zum "Meer der Monster" führt, welches den Menschen auch unter dem Namen "Bermuda-Dreieck" bekannt ist.</plot>
<fsk>12</fsk>
<code>title</code>
</item>
<item>
<title>Outpost Operation Spetsnaz (2013)</title>
<link>http://vidplay.net/bytsp59ko66w</link>
<link>http://www.mightyupload.com/embed-tzqt1jgx95kz-645x353.html</link>
<thumbnail>http://s14.directupload.net/images/131103/kwns8f58.jpg</thumbnail>
<fanart></fanart>
<imdb>4.2</imdb>
<darsteller> Bryan Larkin, Iván Kamarás, Michael McKell</darsteller>
<plot>Gegen Ende des Zweiten Weltkriegs rückt die Rote Armee in Osteuropa vor und macht dabei manch schaurige Entdeckung. So stößt ein Trupp von Elitesoldaten, als man einen Konvoi in einen Hinterhalt lockt, auf Soldaten, die so leicht nicht totzukriegen sind. Tatsächlich forschen die Nazis in einem Bunker auf Hochtouren an einer unbesiegbaren Zombiearmee. Die Russen kommen der Sache auf die Spur, als sie selbst gefangen genommen werden. Der leitende Offizier freut sich: Endlich haben seine Kreaturen ernsthafte Trainingspartner.</plot>
<fsk>18</fsk>
<code>title</code>
</item>
<item>
<title>Dinner für Spinner (1998)</title>
<link>http://vidplay.net/8n9ccjrsricy</link>
<link>http://www.mightyupload.com/embed-0dzzkibzo2ge-645x353.html</link>
<thumbnail>http://s14.directupload.net/images/131104/cyuav2c8.jpg</thumbnail>
<fanart>http://d3gtl9l2a4fn1j.cloudfront.net/t/p/original/qiX6NXakuUQqZsEj60AfZj1tWRb.jpg</fanart>
<imdb>7.8</imdb>
<darsteller> Thierry Lhermitte, Jacques Villeret, Francis Huster</darsteller>
<plot>Nachdem ein Kollege seinen Platz in der siebten Etage räumen musste, sieht Tim (Paul Rudd) seine Chance, eine Etage aufzusteigen, denn momentan arbeitet er noch in der unliebsamen sechsten. Mit einer guten Idee bei einem Meeting bietet er sich schon einmal an, doch bevor er seine Beförderung bekommen soll, lädt ihn sein Chef Lance Fender (Bruce Greenwood) zu seinem monatlich stattfindenden Dinner ein. Für diesen Anlass soll Tim nicht seine Freundin Julie (Stephanie Szostak) mitbringen, sondern Lance und seine Angestellten suchen möglichst abgedrehte und ungewöhnliche Menschen, die sie zum Essen einladen und über die sie sich währenddessen lustig machen - am Ende küren sie dann den Mitarbeiter mit dem besten Spinner. Da Julie nichts von der Idee hält, plant Tim, das Essen abzusagen, doch dann fährt er Barry (Steve Carell) mit dem Auto an, dem dabei aber nichts passiert. Barry war gerade dabei, eine tote Maus von der Straße aufzusammeln, denn er stopft diese aus und bastelt sich daraus kleine Mäusepuppen. Tim denkt, dass Barry sich gut für das Essen eignen würde und lädt ihn schlussendlich doch dazu ein. Allerdings taucht Barry einen Abend zu früh bei Tim auf und stellt dessen Leben schon vor dem Dinner gehörig auf den Kopf...</plot>
<fsk>12</fsk>
<code>title</code>
</item>
<item>
<title>Das letzte Schweigen</title>
<link>http://vidplay.net/ddu7njdnpx88</link>
<link>http://www.mightyupload.com/embed-88sial9zrtin-645x353.html</link>
<thumbnail>http://s7.directupload.net/images/131103/3zcxboet.jpg</thumbnail>
<fanart>http://d3gtl9l2a4fn1j.cloudfront.net/t/p/original/vDRGkahdsO7zIi1srbsES3ggEl.jpg</fanart>
<imdb>5.8</imdb>
<darsteller> Ulrich Thomsen, Claudia Michelsen, Wotan Wilke Möhring</darsteller>
<plot>Als auf den Tag genau 23 Jahre nach dem Mord an der kleinen Pia ein weiteres Mädchen am selben Tatort erschlagen wird, lähmt Entsetzen die sommerlich heiße Kleinstadtidylle. Pias trauernde Mutter Elena Lange (Katrin Sass) erinnert sich an die damalige grausige Tat ebenso wie Ex-Kommissar Krischan Mittich (Burghart Klaußner), der die Ermittlungen leitete und den Fall nie aufklären konnte. Er bittet seinen jungen Kollegen David Jahn (Sebastian Blomberg) um Hilfe, weil der offiziell zuständige Ermittler Matthias Grimmer (Oliver Stokowski) sich weigert, die Parallelen der Fälle zur Kenntnis zu nehmen. Am heftigsten erschüttert ist jedoch Timo Friedrich (Wotan Wilke Möhring), der den Mord zusammen mit Peer Sommer (Ulrich Thomsen) an Pia begangen und dann erfolgreich verdrängt hat. Bis heute...</plot>
<fsk>16</fsk>
<code>title</code>
</item>
<item>
<title>The Mexican</title>
<link>http://vidplay.net/rfnkl92xibe3</link>
<link>http://www.mightyupload.com/embed-wlet3z3qecle-645x353.html</link>
<thumbnail>http://s1.directupload.net/images/131103/kupm2vb5.jpg</thumbnail>
<fanart>http://d3gtl9l2a4fn1j.cloudfront.net/t/p/original/elTdq4oZ2jmYFrG6OEHnh4wpklC.jpg</fanart>
<imdb>6.0</imdb>
<darsteller> Brad Pitt, Julia Roberts, James Gandolfini</darsteller>
<plot>Endlich, so hofft der unfreiwillige Mafia-Handlanger Jerry (Brad Pitt), kann er mit seiner Verlobten Samantha (Julia Roberts) ein neues Leben in Las Vegas beginnen. Doch die Mafia lässt ihn nicht los: In einem letzten Auftrag soll er in Mexiko eine seltene, angeblich mit einem Fluch belegte Waffe abholen und in die Staaten schmuggeln. Zunächst läuft alles glatt, doch dann wird die Pistole gestohlen. Während Jerry ihr schicksalsergeben hinterher jagt, wird Samantha auf dem Weg nach Las Vegas von dem Killer Leroy (James Gandolfini) gekidnappt. Stück um Stück, Abenteuer um Abenteuer kommt sich das getrennte Paar wieder näher. Aber erst die ganze Geschichte der Pistole lässt sie erkennen, wie sie aus dem ganzen Durcheinander wieder herauskommen können.</plot>
<fsk>12</fsk>
<code>title</code>
</item>
<item>
<title>The Taking (2013)</title>
<link>http://vidplay.net/svgmbls0cusk</link>
<link>http://www.mightyupload.com/embed-t1ug0evplpto-645x353.html</link>
<thumbnail>http://s1.directupload.net/images/131103/xb8pu6gp.jpg</thumbnail>
<fanart>http://d3gtl9l2a4fn1j.cloudfront.net/t/p/original/rKaWIwtdcEdVcXhfMd5SRnKYJ0e.jpg</fanart>
<imdb>5.3</imdb>
<darsteller> John Halas, Alana Jackler, Lynnette Gaza</darsteller>
<plot>Carl (John Halas) steckt in keiner sonderlich gut laufenden Beziehung. Um seiner Wut und Trauer freien Lauf zu lassen, macht er sich auf den Weg, Rache an seiner betrügerischen Freundin zu nehmen. Doch plötzlich breitet sich Dunkelheit in Carls Bewusstsein aus. Er erwacht plötzlich benommen und orientierungslos in der Einöde; ohne jeglichen Schimmer, wo er sich gegenwärtig befindet. Ein Albtraum scheint wahr zu werden: Er und eine fremde Frau namens Jade werden von einer seltsamen Familie im Wald gefangen gehalten. Dabei handelt es sich um einen verrückten Hinterwäldler-Clan, der einem Glauben an eine dämonische Macht anhängt. Jene ernährt sich von der Angst und dem Hass seiner Opfer. Misshandlungen und grausame Rituale sollen diese Gefühlsregungen in Carl und Jade provozieren. Drei Tage soll diese Prozedur anhalten, bevor es zur Opferung kommt. Und es scheint zunächst kein Entrinnen zu geben.</plot>
<fsk>18</fsk>
<code>title</code>
</item>
<item>
<title>Die Sekte</title>
<link>http://vidplay.net/sy46j11x4b6w</link>
<link>http://www.mightyupload.com/embed-jbghl3qwhwro-645x353.html</link>
<thumbnail>http://img2.picload.org/image/rpcppdc/yqc29ftw.jpg</thumbnail>
<fanart></fanart>
<imdb>5.5</imdb>
<darsteller> Erica Prior, Trae Houlihan, Denis Rafter</darsteller>
<plot>Der reiche Theodore Joseph Logan (Craig Hill) begeht völlig überraschend und ohne jegliche Vorzeichen Selbstmord. Für seine 25-jährige Tochter Daniella (Erica Prior) bricht eine Welt zusammen, hat sie doch in ihrem Vater, der sie, aufgrund der psychischen Erkrankung ihrer Mutter, fast alleine großgezogen hat, einen lebenslustigen, liebevollen Mann gesehen, dessen unbegreiflicher Tod viele Fragen aufwirft. Was hat ihn nur in den Tod getrieben?Als sie ihrer Mutter (Teresa Gimpera) in der Nervenklinik die schockierende Nachricht überbringt, schreit diese hysterisch das erste Wort seit Jahren heraus: “Josephine!”. Kurz darauf wird die exhumierte Leiche ihres Vaters, verstümmelt und in ritueller Beter- und Büßerhaltung fixiert, entdeckt. Fieberhaft versucht die verstörte Daniella die letzten Lebenstage ihres Vaters nachzuvollziehen. Damit beginnt für sie eine schmerzhafte Reise in die Vergangenheit, bei der sie auf dunkle Abgründe stößt, die sie selbst in einen mörderischen Sog hineinziehen…</plot>
<fsk>18</fsk>
<code>tt0303021</code>
</item>
<item>
<title>Police Academy</title>
<link>http://vidplay.net/bbr28sqh9akp</link>
<link>http://www.mightyupload.com/embed-8p7zn7eegf3f-645x353.html</link>
<thumbnail>http://images.cinefacts.de/thumbs/PoliceAcademyDmmeralsdiePolizeierlaubt-Cover-126362.jpg</thumbnail>
<fanart>http://d3gtl9l2a4fn1j.cloudfront.net/t/p/original/qwEKkJMlywLOq624AUtFH6FxlHO.jpg</fanart>
<imdb>6.5</imdb>
<darsteller> Steve Guttenberg, G.W. Bailey, Kim Cattrall</darsteller>
<plot>Hier tobt die beknackteste, verrückteste und ausgeflippteste Polizei-Truppe aller Zeiten. Ein wild zusammengewürfelter Haufen: Tölpel, Freizeitsheriffs und total unfähige Taugenichtse melden sich zum Dienst. Die Ausbilder versuchen vergeblich, die Rekruten hinzubiegen. Die Witzfiguren in Uniform, die zuerst schießen bevor sie ihr Gehirn einschalten, versetzen die hilfesuchenden Bürger der Stadt in Angst und Schrecken.</plot>
<fsk>12</fsk>
<code>title</code>
</item>
<item>
<title>Police Academy 2 - Jetzt geht's erst richtig los</title>
<link>http://vidplay.net/kmpqq1wd6ude</link>
<link>http://www.mightyupload.com/embed-tc14znnvqkoi-645x353.html</link>
<thumbnail>http://images.cinefacts.de/thumbs/PoliceAcademy2Jetztgehtserstrichtiglos-Cover-128376.jpg</thumbnail>
<fanart>http://d3gtl9l2a4fn1j.cloudfront.net/t/p/original/9bNC8FsN1fjIDxLn2M7hys4mJiO.jpg</fanart>
<imdb>5.3</imdb>
<darsteller> Steve Guttenberg, Bubba Smith, David Graf</darsteller>
<plot>Volle Deckung! Sie sind wieder da! Mahoney, Kommandant Lassard und der beknackte Rest des chaotischsten Haufens, der jemals in einer Polizeiuniform gesteckt hat. Kaum haben sie ihr Abschlussdiplom erhalten, werden sie auch schon auf die Menschheit losgelassen. Ihr erster Einsatz führt sie ins finsterste Viertel der Stadt. Klar, dass sie statt ordentlich aufzuräumen, das Chaos erst perfekt machen.</plot>
<fsk>12</fsk>
<code>title</code>
</item>
<item>
<title>Passion (2012)</title>
<link>http://vidplay.net/hfh3nw12xp5m</link>
<link>http://www.mightyupload.com/embed-fj69usdm57zz-645x353.html</link>
<thumbnail>http://images.cinefacts.de/thumbs/Passion_dvd_cover.jpg</thumbnail>
<fanart>http://d3gtl9l2a4fn1j.cloudfront.net/t/p/original/u5HhIo008Qhp2LYyR27PYHtVa6G.jpg</fanart>
<imdb>5.4</imdb>
<darsteller> Rachel McAdams, Noomi Rapace, Karoline Herfurth</darsteller>
<plot>Zwei Frauen liefern sich einen erbitterten Kampf um Macht in der Welt der internationalen Geschäfte. Die natürlich elegante Christine (Rachel McAdams) pflegt einen lockeren Umgang mit Macht und Geld. Unter ihre Fittiche nimmt sie die unschuldige, liebenswerte Isabelle (Noomi Rapace), die mit ihrer Naivität und ihren herausragenden Ideen ein leichtes Ziel für die Ausbeuterin Christine ist. Für diese ist es auch nicht wirklich Diebstahl von gedanklichem Eigentum, schließlich spielen sie ja im selben Team. Christine genießt es die junge Frau immer mehr zu beeinflussen und Kontrolle über sie auszuüben, wodurch Isabelle immer tiefer in das Spiel von Verführung und Manipulation hineingesogen wird. Doch dann lässt sich Isabelle auf eine Bettgeschichte mit einem von Christines Liebhabern ein, was katastrophale Konsequenzen hat.</plot>
<fsk>16</fsk>
<code>tt1829012</code>
</item>
<item>
<title>Police Academy 3 - ...und keiner kann sie bremsen</title>
<link>http://vidplay.net/juiq6z8eoqgu</link>
<link>http://www.mightyupload.com/embed-ddip52ggffys-645x353.html</link>
<thumbnail>http://images.cinefacts.de/thumbs/PoliceAcademy3Undkeinerkannsiebremsen-Cover-128387.jpg</thumbnail>
<fanart>http://d3gtl9l2a4fn1j.cloudfront.net/t/p/original/sGukZxFSavizbySXPI3wnyrbkcj.jpg</fanart>
<imdb>4.8</imdb>
<darsteller> Steve Guttenberg, Bubba Smith, David Graf</darsteller>
<plot>Im Wettstreit treten Mausers stramm trainierte Angeber und Lassards beknackte Horrortruppe an. Dem wachsamen Auge des Bewertungskomitees entgeht natürlich nicht, wie superblöd sich Lassards Neulinge anstellen. Die zukünftigen Cops kann wirklich keiner bremsen: zu früh losgelassen, sorgen sie fürs totale Chaos... Treffen Sie also die verrückte Truppe wieder, bevor die Sie treffen!</plot>
<fsk>12</fsk>
<code>title</code>
</item>
<item>
<title>Police Academy 4 - Und jetzt geht's rund</title>
<link>http://vidplay.net/ditkk1aobf28</link>
<link>http://www.mightyupload.com/embed-cf9t9x6o3c0f-645x353.html</link>
<thumbnail>http://images.cinefacts.de/thumbs/PoliceAcademy4Undjetztgehtsrund-Cover-129552.jpg</thumbnail>
<fanart>http://d3gtl9l2a4fn1j.cloudfront.net/t/p/original/mOHzsyRxpReNwAplUhCSgikZh8V.jpg</fanart>
<imdb>4.4</imdb>
<darsteller> Steve Guttenberg, Bubba Smith, Michael Winslow</darsteller>
<plot>Viele schöne Jobs für viele liebe Bürger, verspricht sich der mittlerweile schwer verkalkte Lassard von seiner neuesten Schnapsidee, dem Programm "Bürgerwehr". Eifrigen Rentnern, Hausfrauen und jugendlichen Halbkriminellen bietet sich so die einmalige Gelegenheit, in einer Sonderausbildung die Grundlagen moderner Verbrechensbekämpfung kennen zu lernen. Ihre Ausbilder: die Chaoten-Truppe...</plot>
<fsk>6</fsk>
<code>tt0093756</code>
</item>
<item>
<title>Vergiss mein nicht</title>
<link>http://vidplay.net/dbqnlvikzm4s</link>
<link>http://www.mightyupload.com/embed-i6kkripijkr5-645x353.html</link>
<thumbnail>http://s14.directupload.net/images/131104/4lowufox.jpg</thumbnail>
<fanart>http://d3gtl9l2a4fn1j.cloudfront.net/t/p/original/bgwkn3r4s3MrnU8aQXnqLzr0Hsd.jpg</fanart>
<imdb>8.5</imdb>
<darsteller> Jim Carrey, Kate Winslet, Tom Wilkinson</darsteller>
<plot>Das Schlimmste an einer Beziehung ist immer ihr Ende und die Leidenszeit danach, wenn man von den traurigen Erinnerungen an den ehemals Liebsten gepeinigt wird. Joel (Jim Carrey) und Clementine (Kate Winslet) geht es da ähnlich. Als Clementine sich auf eine neue Prozedur des Wissenschaftlers Mierzwiak (Tom Wilkinson) einläßt, mit der man die Erinnerungen an eine andere Person komplett aus seinem Gedächtnis löschen kann, will auch Joel nicht mehr an Clementine denken müssen. Doch als die Prozedur fortschreitet, muß Joel erkennen, daß damit auch jede schöne Erinnerung an seine Freundin für immer dahin sein wird. Mental begehrt er gegen die Ausradierung auf und versucht seine Erinnerungen zu beschützen, während Mierzwiak und seine Crew, zu denen auch Assistent Patrick (Elijah Wood) gehört, der ein persönliches Interesse an Clementine hat, bemüht sind, die Prozedur zu beenden.</plot>
<fsk>12</fsk>
<code>title</code>
</item>
<item>
<title>Police Academy 5 - Auftrag Miami Beach</title>
<link>http://vidplay.net/ckdkcp5hs871</link>
<link>http://www.mightyupload.com/embed-jcw4qmuz1hnb-645x353.html</link>
<thumbnail>http://s7.directupload.net/images/131105/nqidf5et.jpg</thumbnail>
<fanart>http://d3gtl9l2a4fn1j.cloudfront.net/t/p/original/33DZxIZmFIATL3L5iPXu0s9aiBN.jpg</fanart>
<imdb>3.8</imdb>
<darsteller> Bubba Smith, David Graf, Michael Winslow</darsteller>
<plot>Und da sind sie wieder, unsere "Helden". Proctor (Lance Kinsey) und Gamble ... pardon: Harris (G.W. Bailey) brechen diesmal bei Nacht in die Academy ein, um im Büro von Commissioner Hurst (GeorgeR. Robertson) etwas brauchbares gegen ihren Intimfeind Commander Eric Lassard (George Gaynes), den Leiter der Academy, den Harris so gerne "beerben" würde, zu finden. Und sie finden es - in Form von Harris' Geburtsdatum, das besagt, dass der Gute schon lange pensioniert gehört ... Und genau das soll nun nachgeholt werden. Zuerst darf Lassard aber noch nach Miami Beach fliegen, wo er als "Polizeibeamter des Jahrzehnts" geehrt werden soll. Währenddessen ist natürlich bereits ein Kampf um seine Nachfolge entbrannt und Harris will da gar nichts anbrennen lassen. Also fliegt er zusammen mit Lieutenant Proctor ebenfalls nach Florida, um vor Ort zu sein. Allerdings konnten sie nicht ahnen, dass Lassard schon auf dem Flugplatz seine Reisetasche mit der eines Gaunertrios verwechselt, die wertvolle Diamanten enthält. Und dass die Verbrecher natürlich alles tun, um die wertvolle Beute Lassard wieder abzunehmen ...</plot>
<fsk>12</fsk>
<code>title</code>
</item>
<item>
<title>Police Academy 6  Widerstand zwecklos</title>
<link>http://vidplay.net/ngqswkodtzs6</link>
<link>http://www.mightyupload.com/embed-hji6ba2nboqo-645x353.html</link>
<thumbnail>http://s7.directupload.net/images/131105/ab6omviw.jpg</thumbnail>
<fanart>http://d3gtl9l2a4fn1j.cloudfront.net/t/p/original/bwdhd3KhIs4TbxjUuFr0qOmLAOb.jpg</fanart>
<imdb>3.6</imdb>
<darsteller> Bubba Smith, David Graf, Michael Winslow</darsteller>
<plot>Unter den Augen der Polizei räumt eine Bande die Banken und Juweliere von L.A. aus. Weil man Komplizen unter den Cops vermutet, übernehmen die altbekannten Frischlinge (Michael Winslow u.a.) von der Academy den Fall.....</plot>
<fsk>12</fsk>
<code>title</code>
</item>
<item>
<title>The Crone (2013)</title>
<link>http://vidplay.net/1vd9ap7ypw2i</link>
<link>http://www.mightyupload.com/embed-z4gbakb9yxbc-645x353.html</link>
<thumbnail>http://s14.directupload.net/images/131105/h8n9hhkj.jpg</thumbnail>
<fanart></fanart>
<imdb>4.3</imdb>
<darsteller> Honoka Miki, Shiori Kitayama, Kaoru Gotô</darsteller>
<plot>Ayane, Nanami und Mayuko bilden eine kleine Gruppe namens Jersey Girl. In einer Fernsehsendung berichtet das Trio regelmäßig über paranormale Aktivitäten. Jedes Mal wird dabei der Mut der Mädchen auf die Probe gestellt, wobei es nur eine Gewinnerin geben kann. Die Dreharbeiten zu ihrer neuesten Grusel-Folge führen die Gruppe in ein verlassenes Gebäude in den Bergen. Doch bereits mit dem ersten Schritt in den Komplex beginnt der schlimmste Albtraum für die drei Mädchen. Zunächst werden die anfänglichen, unerklärlichen Geschehnisse als Teil der Show abgetan, doch schon bald lässt sich die reale Gefahr nicht mehr leugnen. Die Gruppe wird mehr und mehr auseinandergetrieben und am Ende kämpfen die jungen Frauen um ihre Seelen…</plot>
<fsk>16</fsk>
<code>title</code>
</item>
<item>
<title>Police Academy 7 - Mission in Moskau</title>
<link>http://vidplay.net/2zyw8cpcqsf5</link>
<link>http://www.mightyupload.com/embed-7t1owfa0cksk-645x353.html</link>
<thumbnail>http://s14.directupload.net/images/131105/rof8a2no.jpg</thumbnail>
<fanart>http://d3gtl9l2a4fn1j.cloudfront.net/t/p/original/y3LvRfwCZO813Ro6RTx5o76RIVb.jpg</fanart>
<imdb>2.9</imdb>
<darsteller> G.W. Bailey, George Gaynes, Michael Winslow</darsteller>
<plot>Die Mission führt nach Russland, Moskau. Ein "Bösewicht" ist dort und die Deppen der Akademie werden auf ihn losgelassen. Es geht um ein Computerspiel, das die Spieler ins Verderben wirft....</plot>
<fsk>12</fsk>
<code>title</code>
</item>
<item>
<title>District 9</title>
<link>http://vidplay.net/3ufpnqyhgmw0</link>
<link>http://www.mightyupload.com/embed-uqqdbvp1igz2-645x353.html</link>
<thumbnail>http://images.cinefacts.de/thumbs/District9-Cover-192970.jpg</thumbnail>
<fanart>http://d3gtl9l2a4fn1j.cloudfront.net/t/p/original/nPBDOLBPdBapuhcv4xXopHX9BAE.jpg</fanart>
<imdb>8.3</imdb>
<darsteller> Sharlto Copley, David James, Jason Cope</darsteller>
<plot>Als vor über 28 Jahren erstmals Außerirdische über Johannesburg auftauchen, ist man nicht sicher, ob dies in feindlicher oder fortschrittlicher Absicht geschieht. So werden die Aliens übergangsweise in einer speziellen Notunterkunft, dem District 9, untergebracht. Als die Regierung nach fruchtlosen Verhandlungen die Verantwortung für die hilflosen Wesen einer privaten Firma übergibt, will diese sie für Waffenexperimente missbrauchen. Dazu werden sie umgesiedelt, wobei sich ein Mitarbeiter mit einem mysteriösen Virus ihrer DNA infiziert. Vor 30 Jahren: Aliens landeten zum ersten Mal auf der Erde. Die Menschen warten seitdem auf den feindlichen Übergriff oder auf den gigantischen technologischen Fortschritt. Doch nichts davon geschah. Die Aliens kamen als letzte Überlebende ihres Heimatplaneten als Flüchtlinge auf die Erde. Während die ganze Welt darüber diskutierte, was mit ihnen passieren soll, wird ihr Raumschiff vorübergehend nach District 9, einem Armenviertel in Südafrika, versetzt. Als sich der Agent der MNU Wikus van der Merwe (Sharlto Copley) mit einem mysteriösen Virus infiziert, der seine DNA verändert, wird er zum meist gesuchten und gleichzeitig verletzlichsten Mann der Erde - denn er ist der Schlüssel, um das Geheimnis der Technologie der Aliens zu lüften.</plot>
<fsk>16</fsk>
<code>title</code>
</item>
<item>
<title>The Package Killer Games (2013)</title>
<link>http://vidplay.net/vgj6mhf7oio0</link>
<link>http://www.mightyupload.com/embed-h7akgdpj136e-645x353.html</link>
<thumbnail>http://s1.directupload.net/images/131105/hd765ydb.jpg</thumbnail>
<fanart>http://d3gtl9l2a4fn1j.cloudfront.net/t/p/original/n0U6xUiQSXhLqmb1hsABDc62M70.jpg</fanart>
<imdb>4.8</imdb>
<darsteller> Steve Austin, Dolph Lundgren, Eric Keenleyside</darsteller>
<plot>Schuldeneintreiber Tommy (Steve Austin) hat eigentlich gar keine so schwere Aufgabe: Er soll für Big Doug (Eric Keenleyside) ein Päckchen zu einem Gangsterboss bringen, der von allen nur "Der Schwede" (Dolph Lundgren, in der Originalversion: "The German") genannt wird. Wenn er den Auftrag erledigt, ist sein nicht nur finanziell ganz schön schlecht dastehender Bruder Eddie (Lochlyn Munro) seine Schulden bei Big Doug los. Doch was wie ein Routine-Job aussieht, wird plötzlich brandgefährlich, als er von einer ganzen Horde Killer, die für die Konkurrenz des Schweden arbeitet, angegriffen wird. Sie wollen ihm die wertvolle Ware abluchsen und schrecken dabei auch nicht vor brutaler Waffengewalt zurück. Tommy muss sich förmlich durch jeden Meter bis zum Schweden durchkämpfen und sein Leben riskieren, um das Paket an seinen Zielort zu bringen.</plot>
<fsk>18</fsk>
<code>title</code>
</item>
<item>
<title>2 Guns (2013)</title>
<link>http://vidplay.net/c27o040w68fg</link>
<link>http://www.mightyupload.com/embed-va2mw3c6wehy-645x353.html</link>
<thumbnail>http://images.cinefacts.de/thumbs/2-Guns-Poster.jpg</thumbnail>
<fanart>http://d3gtl9l2a4fn1j.cloudfront.net/t/p/original/dK2HTiYwfm8OcXVdfEPT55fuyVb.jpg</fanart>
<imdb>6.9</imdb>
<darsteller> Denzel Washington, Mark Wahlberg, Paula Patton</darsteller>
<plot>Der DEA-Agent Bobby Trench (Denzel Washington) und der U.S. Naval Intelligence Officer “Stig” Stigman (Mark Wahlberg) wurden beide als Undercover-Agenten in ein mexikanisches Drogenkartell eingeschleust. Da beiden Ermittlern die wahre Identität des jeweils anderen unbekannt ist und sie sich gegenseitig für Gauner halten, die ihnen unwissentlich bei ihrer jeweiligen Mission behilflich sein sollen, trauen sie sich zunächst nicht über den Weg. Als ihr Versuch, den Drogenboss Papi Greco (Edward James Olmos) dingfest zu machen, scheitert, hecken sie einen Alternativplan aus: Sie wollen Papi bei einem Banküberfall um einige Millionen erleichtern. Der Coup funktioniert überraschend reibungslos und die erbeutete Summe ist mehr als zehnmal so hoch wie erwartet – das ruft allerdings nicht nur Greco auf den Plan, auch Stigs Navy-Auftraggeber um Quince (James Marsden) sind nun rücksichtslos hinter dem Geld her. Außerdem schaltet sich der dubiose CIA-Mitarbeiter Pearl (Bill Paxton) ein und reklamiert die mehr als 40 Millionen für sich und seine Leute. Als sich herausstellt, dass selbst Bobbys Freundin und Verbindungsagentin Deb (Paula Patton) ein falsches Spiel treibt, gerät das Räuber-Duo wider Willen endgültig zwischen alle Fronten.</plot>
<fsk>12</fsk>
<code>title</code>
</item>
<item>
<title>3 Idiots</title>
<link>http://vidplay.net/051tvd97h72e</link>
<link>http://www.mightyupload.com/embed-3qc6a6ma4tgk-645x353.html</link>
<thumbnail>http://images.cinefacts.de/thumbs/3Idiots-Cover-209683.jpg</thumbnail>
<fanart>http://d3gtl9l2a4fn1j.cloudfront.net/t/p/original/6LnwpadKFRrqam7IfBAi3lNTz6Y.jpg</fanart>
<imdb>8.2</imdb>
<darsteller> Aamir Khan, Madhavan, Mona Singh</darsteller>
<plot>Auf der Ingenieurschule waren Hari, Farhan und Rancho stets die besten Kumpels. Hari und Farhan als brave Schüler, die trotzdem nur die Hälfte kapierten, und Rancho als geborener Unruhestifter, dem die guten Noten trotzdem wie von selbst zuflogen. Jahre später kommt es zum schicksalhaften Wiedersehen zwischen den drei Freunden, ihrem gestrengen Professor mit der wunderschönen Tochter, und jenem Streber, der auf der Schule ihr Erzrivale war. Diesmal geht es um eine Wette, einen Todesfall, und eine Hochzeit mit Hindernissen.</plot>
<fsk>12</fsk>
<code>title</code>
</item>
<item>
<title>Tucker and Dale vs Evil</title>
<link>http://vidplay.net/mpto8uqbvms2</link>
<link>http://www.mightyupload.com/embed-md97x51g70o7-645x353.html</link>
<thumbnail>http://s1.directupload.net/images/131106/eejrf78e.jpg</thumbnail>
<fanart>http://d3gtl9l2a4fn1j.cloudfront.net/t/p/original/mjsS5mcMjLPE31yGTU5mMqRhyCc.jpg</fanart>
<imdb>7.5</imdb>
<darsteller> Tyler Labine, Alan Tudyk, Katrina Bowden</darsteller>
<plot>Mit den besten Vorsätzen für ein friedliches Männer-Wochenende machen sich Tucker McGee (Alan Tudyk) und Dale Dobson (Tyler Labine) auf den Weg zu ihrer Ferienhütte in der Wildnis West Virginias. Als sie auf dem Highway fast mit einer Gruppe Collegekids kollidieren, ahnen die gutherzigen Hinterwäldler nichts Böses. Doch genau das stellt sich ein, als sich beide Gruppen in der Einsamkeit erneut begegnen: Dales schüchterne Einfalt und die Vorbehalte der Studenten gegen das rustikale Äußere der Hillbillies lenken die Ereignisse in eine fatale Richtung. Dass Tucker und Dale die hübsche Allison (Katrina Bowden) vor dem Ertrinken retten, interpretiert ihre Clique als Entführungsversuch. Als die properen Camper beginnen, sich gegen die vermeintlichen Psychokiller zur Wehr zu setzen, geraten die Kumpels unfreiwillig in ein Gemetzel ? in dem ein Student nach dem anderen auf skurrile Weise das Zeitliche segnet…</plot>
<fsk>16</fsk>
<code>title</code>
</item>
<item>
<title>Mr.Nobody Directors Cut</title>
<link>http://vidplay.net/tv6pybzmk5om</link>
<link>http://www.mightyupload.com/embed-zyif27s0rjg8-645x353.html</link>
<thumbnail>http://images.cinefacts.de/thumbs/MrNobody-Cover-202479.jpg</thumbnail>
<fanart></fanart>
<imdb>7.8</imdb>
<darsteller> Jared Leto, Sarah Polley, Diane Kruger</darsteller>
<plot>Nemo Nobody (J. Leto) wacht eines Tages auf und ist 120 Jahre alt. Zuvor führte er ein ganz normale Leben mit seiner Frau Elise (S. Polley) und seinen drei Kindern. Dies ist jetzt nicht mehr möglich. Im Jahr 2092 ist er der letzte Sterbliche, denn die Welt ist durch Forschung und Wissenschaft unsterblich geworden. Dieser bizarre Zwischenfall lässt ihn nicht mehr los und er erzählt einem Journalisten die merkwürdige Geschichte seines Lebens und drei Varianten, wie es hätte verlaufen können…</plot>
<fsk>12</fsk>
<code>title</code>
</item>
<item>
<title>The Worlds End (2013)</title>
<link>http://vidplay.net/inwshndvzb2c</link>
<link>http://www.mightyupload.com/embed-9lwwh6t179w9-645x353.html</link>
<thumbnail>http://images.cinefacts.de/thumbs/Worlds-End_dvd_cover.jpg</thumbnail>
<fanart>http://d3gtl9l2a4fn1j.cloudfront.net/t/p/original/uTODVVo2EDocnrtvdlOvQw1bO2R.jpg</fanart>
<imdb>7.4</imdb>
<darsteller> Simon Pegg, Nick Frost, Martin Freeman</darsteller>
<plot>Zwanzig Jahre nachdem der erste Versuch, die wohl anspruchsvollste Kneipentour der Welt zu bewältigen, leider daneben ging, versuchen die fünf Jugendfreunde Gary (Simon Pegg), Oliver (Martin Freeman), Andrew (Nick Frost), Peter (Eddie Marsan) und Steven (Paddy Considine) erneut ihr Glück. Das bedeutet: zwölf Bars, zwölf Liter Bier für jeden. Doch schnell merken die ehemals eingeschworenen Freunde, dass nach zwanzig Jahren nicht nur ihre Freundschaft deutlich gelitten hat, sondern auch, dass sich ihre Heimatstadt auf sehr seltsame Art verändert hat. Auch Garys Jugendliebe Sam (Rosamund Pike) bemerkt, dass es an dem Ort nicht mit rechten Dingen zugeht, denn die Einwohner benehmen sich nicht nur äußerst merkwürdig, sondern wollen auch mit ganzer Kraft verhindern, dass die trinkfesten Jugendfreunde es bis zum letzten Pub auf der Liste schaffen: das „World’s End“…</plot>
<fsk>12</fsk>
<code>title</code>
</item>
</ArrayOfitem>