<?xml version="1.0" encoding="UTF-8" standalone="yes"?>
<addon id="plugin.video.Evonic"
       name="Evonic"
       version="1.3"
       provider-name="mentality">
    <requires>
        <import addon="xbmc.python" version="2.1.0"/>
        <import addon="script.module.beautifulsoup" version="3.2.0"/>
    </requires>
    <extension point="xbmc.python.pluginsource"
            library="default.py">
        <provides>video</provides>
    </extension>
    <extension point="xbmc.addon.metadata">
        <summary>Nur fuer Premium Member</summary>
        <description lang="de">
            Wieder einmal eine neue Funktion vom Forum Stammuser dude. Man kann dank der Funktion jetzt durch Rechtklick auf die Filmplakate die Filme und Serien in den allgemeinen Favoriten Ordner von XBMC einfügen. Danke sehr ;-) 
Mentality und EVONIC wünschen euch viel Spaß!!!</description>
        <description lang="en">
            A new feature was implemented from forum member dude. Now you can add the videos and series in the global favorite from xbmc over the context menue. Thanks dude !!!
Mentality and EVONIC are presenting!!!</description>
        <platform>all</platform>
    </extension>
</addon>
