<?xml version="1.0" encoding="utf-8"?>
<ArrayOfitem>
<item>
<title>Django UNCUT</title>
<link>http://180upload.com/7b0heyrvq8bm</link>
<link>http://www.mightyupload.com/embed-au0pua5dt28m-645x353.html</link>
<thumbnail>http://i.imagebanana.com/img/pcikhvmz/Django.jpg</thumbnail>
<fanart>http://d3gtl9l2a4fn1j.cloudfront.net/t/p/original/G2xoqLeafIpXByTfw9qucM6E20.jpg</fanart>
<imdb></imdb>
<darsteller> Franco Nero [Django] | José Bódalo [Gen. Hugo Rodriguez] | Loredana Nusciak [Maria] | Ángel Álvarez [Nathaniel the Bartender] | Gino Pernice [Brother Jonathan (as Jimmy Douglas)] | Simón Arriaga [Miguel] | Giovanni Ivan Scratuglia [Klan Member (as Ivan Scratuglia)] | Remo De Angelis [Mexican Officer (as Erik Schippers)] | Rafael Albaicín [Member of Hugo's Gang (as Raphael Albaicin)] | José Canalejas [Member of Hugo's Gang (as José Canalecas)</darsteller>
<plot></plot>
<fsk></fsk>
<code></code>
</item>
<item>
<title>Todeszug nach Yuma</title>
<link>http://180upload.com/0oxex37rzaeq</link>
<link>http://www.mightyupload.com/embed-o929wgrnmwst-645x353.html</link>
<thumbnail>http://images.cinefacts.de/thumbs/TodeszugnachYuma-Cover-171649.jpg</thumbnail>
<fanart>http://d3gtl9l2a4fn1j.cloudfront.net/t/p/original/bk6TT6GYss9qBmNoJ6HqHtHLahw.jpg</fanart>
<imdb></imdb>
<darsteller> Russell Crowe [Ben Wade] | Christian Bale [Dan Evans] | Logan Lerman [William Evans] | Dallas Roberts [Grayson Butterfield] | Ben Foster [Charlie Prince] | Peter Fonda [Byron McElroy] | Vinessa Shaw [Emma Nelson] | Alan Tudyk [Doc Potter] | Luce Rains [Marshal Weathers] | Gretchen Mol [Alice Evans]</darsteller>
<plot></plot>
<fsk></fsk>
<code></code>
</item>
<item>
<title>12 Uhr mittags - High Noon (1952)</title>
<link>http://vidplay.net/7v8mruk39iuh</link>
<link>http://www.mightyupload.com/embed-ldsm7wqkb5da-645x353.html</link>
<thumbnail>http://images.cinefacts.de/thumbs/12-Uhr-Mittags-High-Noon_Blu-ray_cover.jpg</thumbnail>
<fanart>http://d3gtl9l2a4fn1j.cloudfront.net/t/p/original/6AH0BpiEaLz3NMTaBhqgHdA4YJ6.jpg</fanart>
<imdb>8.2</imdb>
<darsteller> Gary Cooper | Thomas Mitchell | Lloyd Bridges | Katy Jurado | Grace Kelly | Robert J. Wilke </darsteller>
<plot>Am Tag seiner Hochzeit steht Sheriff Kane vor einer schweren Gewissensentscheidung. Soll er sich der Rache des gefürchteten Mörders Miller stellen oder dem Bitten seiner jungen Frau Amy nachgeben und die Stadt verlassen? Als um zwölf Uhr mittags der Zug in glühender Hitze im Bahnhof einrollt, hat die Stunde der Entscheidung geschlagen</plot>
<fsk>12</fsk>
<code>tt0044706</code>
</item>
<item>
<title>Love Me Tender Pulverdampf und heisse Lieder</title>
<link>http://vidplay.net/o0dujaf3k8xc</link>
<link>http://www.mightyupload.com/embed-qwvnhfd5tvpd-645x353.html</link>
<thumbnail>http://images.cinefacts.de/thumbs/Love-Me-Tender_Blu-ray_cover.jpg</thumbnail>
<fanart>http://d3gtl9l2a4fn1j.cloudfront.net/t/p/original/iclkctt4QELVOOkNx0qb1FpFWBn.jpg</fanart>
<imdb>5.9</imdb>
<darsteller> Richard Egan, Debra Paget, Elvis Presley</darsteller>
<plot>Das grandiose Filmdebüt des unvergessenen Musik-Idols Elvis Presley. Kurz nach dem amerikanischen Bürgerkrieg erfährt ein junger texanischer Farmer, daß sein älterer Bruder während eines Kampfes ums Leben kam. Als er nach kurzer Zeit dessen große Liebe heiratet, ahnt er noch nicht, welches Unglück er dadurch heraufbeschwört. Der Totgeglaubte kehrt plötzlich zurück und aus den beiden Brüdern werden unerbittliche Rivalen.</plot>
<fsk>12</fsk>
<code>tt0049452</code>
</item>
<item>
<title>Open Range - Weites Land</title>
<link>http://vidplay.net/ws9i6hzd0c23</link>
<link>http://www.mightyupload.com/embed-crt67wrp8d5k-645x353.html</link>
<thumbnail>http://images.cinefacts.de/thumbs/OpenRangeWeitesLand-Cover-124684.jpg</thumbnail>
<fanart>http://d3gtl9l2a4fn1j.cloudfront.net/t/p/original/pcXlZ1J5Mc3JzrYxbcI9UfopGCa.jpg</fanart>
<imdb>7.4</imdb>
<darsteller> Robert Duvall | Kevin Costner | Diego Luna | Michael Gambon | Diego Luna | Dean McDermott</darsteller>
<plot>Charley Waite (Kevin Costner) und Boss Spearman (Robert Duvall) sind die Letzten ihrer Art. Wo 1882 die Zäune der Zivilisation den Westen Amerikas noch nicht erreicht haben, treiben sie ihre Rinder über freies Weideland – unterstützt vom sanftmütigen Riesen Mose (Abraham Benrubi) und dem jungen Mexikaner Button (Diego Luna). Es ist ein hartes, aber von der Schönheit der Natur versöhntes, Leben. Bis zu dem Zeitpunkt, als sie das Reich eines Tyrannen streifen: Rancher Baxter (Michael Gambon), der das Örtchen Harmonville fest in seiner Hand hat, hasst die sogenannten „Freegrazer“ – wie die vier Cowboys, die vom Land leben, selbst aber keines besitzen. Und wider Willen sehen sich Waite und Spearman in einen gnadenlosen Kampf verstrickt, der über ihre Zukunft und die aller Bewohner von Harmonville entscheidet.</plot>
<fsk>12</fsk>
<code>tt0316356</code>
</item>
<item>
<title>Ein Fremder ohne Namen</title>
<link>http://vidplay.net/jzsfaq347sx4</link>
<link>http://www.mightyupload.com/embed-b6evnziokwsc-645x353.html</link>
<thumbnail>http://images.cinefacts.de/thumbs/EinFremderohneNamen-Cover-121279.jpg</thumbnail>
<fanart>http://d3gtl9l2a4fn1j.cloudfront.net/t/p/original/jiPcamHlH8YUUM8lMUWMhXSr6U.jpg</fanart>
<imdb>7.6</imdb>
<darsteller> Clint Eastwood, Verna Bloom, Marianna Hill</darsteller>
<plot>Misstrauisch beobachten die Bewohner des idyllisch an einem See gelegenen Städchens Lago die Ankunft eines schweigsamen, abweisenden Fremden, der keinem seinen Namen verrät. Nach kurzer Zeit hat er auch schon drei Strolche, die ihn provozierten, aus dem Weg geräumt und die Dorfhure Callie, die ihn beleidigte, vergewaltigt. Einzig dem kleinwüchsigen Mordecai, der seine Freundschaft sucht, und Sarah Belding, der Ehefrau des Hoteliers, ist der Fremde etwas wohlwollender gesinnt. Doch die ehrwürdigen Bürger müssen mit der Schroffheit des Fremden leben, denn die Schiesskünste, die er bewiesen hat, könnten ihnen helfen. Sie erwarten nämlich die Rückkehr von drei Sträflingen, die seinerzeit das Städtchen terrorisiert haben und unter wenig ruhmreichen Vorwänden verurteilt wurden. Jetzt fürchten neben den Honoratioren wie Bürgermeister, Sheriff, Minenbesitzer, Hotelier und Priester auch die anderen Bewohner die Rache der drei Revolverhelden. Der Fremde willigt ein, die Abwehr in Lago zu organisieren, stellt dafür allerdings immer höhere Forderungen und ausgefallenere Bedingungen. So soll schliesslich das Dorf rot angestrichen und in "Hell", also Hölle umgetauft werden. Als es zum Showdown kommt, bricht tatsächlich die Hölle los, denn auch der Fremde hat eine alte Rechnung mit den Bürgern zu begleichen.</plot>
<fsk>18</fsk>
<code>tt0068699</code>
</item>
<item>
<title>Die rechte und die linke Hand des Teufels</title>
<link>http://vidplay.net/ea188ewbaud1</link>
<link>http://www.mightyupload.com/embed-qkrb5g45ld6f-645x353.html</link>
<thumbnail>http://s7.directupload.net/images/131004/aiafh7jt.jpg</thumbnail>
<fanart>http://d3gtl9l2a4fn1j.cloudfront.net/t/p/original/iE2Y2s15xQcNTG3x7gU2gZVvZ9x.jpg</fanart>
<imdb>7.1</imdb>
<darsteller> Terence Hill, Bud Spencer, Steffen Zacharias</darsteller>
<plot>Als der "müde Joe", in einschlägigen Kreisen auch als "die rechte Hand des Teufels" bekannt, einen des Mordes verdächtigen Mexikaner beim nächsten Sheriff abliefern will, verschlägt es ihm die Sprache: Sein im Gefängnis geglaubter Bruder Bud trägt auf ausgeblichenem Hemd den Sheriffstern. Auf recht zweifelhafte Weise zu dieser Würde gelangt, benutzt "die linke Hand des Teufels" ihr Amt, um insgeheim den nächsten Pferdediebstahl vorzubereiten. Als jedoch die Bande des Majors die unterdrückten Siedler, eine Gruppe friedfertiger Mormonen, zu belästigen beginnt in der Absicht, deren Land in Besitz zu nehmen, sorgen beide "Hände des Teufels" - Joe ist inzwischen zum Hilfssheriff avanciert - auf ihre Weise für Recht und Ordnung. In einer turbulenten Auseinandersetzung wird der aggressiven Bande das Handwerk gelegt. Obwohl Joe den deutlichen Gunstbezeigungen zweier bildschöner Mormonentöchter zu unterliegen droht, und Bud seinen gestohlenen Zuchthengst hätte satteln können, lassen die ungleichen Brüder ihre Errungenschaften zurück und ziehen auf getrennten Wegen weiter zu neuen Abenteuern - in der Befürchtung, daß der "verlorengegangene" rechtmäßige Sheriff jeden Augenblick wieder auftauchen könnte.</plot>
<fsk>16</fsk>
<code>title</code>
</item>
<item>
<title>Die Ermordung des Jesse James durch den Feigling Robert Ford</title>
<link>http://vidplay.net/3jwaameadtmg</link>
<link>http://www.mightyupload.com/embed-z65170kqibx7-645x353.html</link>
<thumbnail>http://images.cinefacts.de/thumbs/DieErmordungdesJesseJamesdurchdenFeiglingRobertFord-Filmbild-43657.jpg</thumbnail>
<fanart>http://d3gtl9l2a4fn1j.cloudfront.net/t/p/original/zAh7HC8Tk2D0q3VdMOP6boqNG9N.jpg</fanart>
<imdb>7.5</imdb>
<darsteller> Brad Pitt, Casey Affleck, Sam Shepard</darsteller>
<plot>Der Titel des Films fasst schon zusammen, was passiert: Robert Ford erschießt Jesse James. Ford war Mitglied der James-Gang, die am 7. September 1881 ihren letzten Eisenbahnüberfall verübte. In den folgenden Monaten fiel die Bande mehr und mehr auseinander – vereint nur noch in Freundschaft zu und Furcht vor dem charismatischen Jesse James. Robert Ford, ein Milchbubi von 19 Jahren, verehrte den Outlaw seit seiner Kindheit und bemüht sich stets, in seiner Nähe zu sein. Jesse ist dabei darauf bedacht, dass nie jemand auf die Idee käme, ihn zu verraten – notfalls auch, indem er ehemalige Bandenmitglieder kaltblütig umlegt. Zudem kommt es zu Spannungen innerhalb der losen Gruppe junger Rabauken – und so kommt es, dass Robert Ford zum erstenmal tötet – ausgerechnet den Cousin von Jesse James. Ford beginnt, Jesse zu fürchten, und als er wiederholt von Jesse zum Gespött gemacht wird, wandelt sich seine Verehrung, und er setzt sich mit der Polizei in Verbindung…</plot>
<fsk>12</fsk>
<code>tt0443680</code>
</item>
</ArrayOfitem>