<?xml version="1.0" encoding="UTF-8" standalone="yes"?>
<addon id="plugin.video.Evonic"
       name="Evonic"
       version="1.1.1"
       provider-name="mentality">
  <requires>
    <import addon="xbmc.python" version="2.1.0"/>
    <import addon="script.module.beautifulsoup" version="3.2.0"/>
    <import addon="script.module.mechanize" version="0.2.5"/>
    <import addon="script.module.urlresolver" version="1.0.1"/>
	  </requires>
  <extension point="xbmc.python.pluginsource"
            library="default.py">
        <provides>video</provides>
  </extension>
  <extension point="xbmc.addon.metadata">
    <summary>Nur fuer Premium Member</summary>
    <description lang="de">
Auf Anfrage wurden die Linkname denen im Board angepasst!!!
Mentality und EVONIC wünschen euch viel Spaß!!!</description>
    <platform>all</platform>
  </extension>
</addon>
