<?xml version="1.0" encoding="UTF-8" standalone="yes"?>
<addon id="plugin.video.KinoLeak"
       name="KinoLeak"
       version="0.1.3"
       provider-name="Mentality">
  <requires>
    <import addon="xbmc.python" version="2.1.0"/>
    <import addon="script.module.beautifulsoup" version="3.2.0"/>
    <import addon="script.module.t0mm0.common" version="1.0.0"/>
    <import addon="script.module.metahandler" version="2.5.1"/>
	  </requires>
  <extension point="xbmc.python.pluginsource"
            library="default.py">
        <provides>video</provides>
  </extension>
  <extension point="xbmc.addon.metadata">
    <summary>Mentality stellt vor</summary>
    <description>~~~Mentality wuenscht euch viel Spass~~~</description>
    <platform>all</platform>
  </extension>
</addon>
