<?xml version="1.0" encoding="utf-8"?>
<ArrayOfitem>
<item>
<title>Conjuring - Die Heimsuchung 2013</title>
<link1>http://vidplay.net/egernd8uymwe</link1>
<link2>http://www.mightyupload.com/embed-706qrclrno2v-645x353.html</link2>
<thumbnail>http://images.cinefacts.de/thumbs/Conjuring-Die-Heimsuchung-Poster.jpg</thumbnail>
<fanart>http://d3gtl9l2a4fn1j.cloudfront.net/t/p/original/hkV4zqp1Ee0G60HNdhTUdc5eQN4.jpg</fanart>
<imdb>7.7</imdb>
<darsteller> Patrick Wilson, Vera Farmiga, Ron Livingston</darsteller>
<plot>Carolyn (Lili Taylor) und Roger Parren (Ron Livingston) ziehen gemeinsam mit ihren fünf Mädchen 1971 in ein abgelegenes Farmhaus auf Rhode Island. Doch kurz nach ihrer Ankunft in Harrisville häufen sich die rätselhaften Ereignisse: Morgens findet Carolyn stets Abschürfungen an ihrem Körper, die Kinder klagen über nächtliche Eindringlinge in ihrem Zimmer und regelmäßig stoppen alle Uhren um 03.07 Uhr. Carolyn nimmt Kontakt mit Lorraine (Vera Farmiga) und Ed Warren (Patrick Wilson) auf, die als Spezialisten für paranormale Vorkommnisse gelten. Nachdem Ed feststellen muss, dass auf der ganzen Gegend um das Haus ein Fluch liegt, bedrohen die negativen Kräfte auch die Familie der Ermittler...</plot>
<fsk>16</fsk>
<code>tt1457767</code>
</item>
<item>
<title>Europa Report 2013</title>
<link1>http://vidplay.net/zqg5ul25gvro</link1>
<link2>http://www.mightyupload.com/embed-76irdk4tpz1k-645x353.html</link2>
<thumbnail>http://s14.directupload.net/images/131008/4hdhpvh3.jpg</thumbnail>
<fanart>http://d3gtl9l2a4fn1j.cloudfront.net/t/p/original/ehZrtipfxLD9cYFT6kEtKqvY4j4.jpg</fanart>
<imdb>6.5</imdb>
<darsteller> Sharlto Copley, Michael Nyqvist, Christian Camargo</darsteller>
<plot>In der fernen Zukunft berichtet Dr. Samantha Unger (Embeth Davidtz), CEO der Firma „Europa Ventures“, von einer gescheiterten Mission: Eine sechsköpfige Crew von internationalen Astronauten und genialen Wissenschaftlern (u.a. Sharlto Copley, Christian Camargo und Michael Nyqvist) wird im Jahr 2061 auf eine geheime Mission zum vierten Jupitermond mit dem Namen "Europa" geschickt, nachdem viele Jahre zuvor unter dessen Oberfläche Wasser entdeckt wurde. Dort sollen die Wissenschaftler in den Eisbrocken nach möglichen außerirdischen Lebensformen suchen. Nach einem Jahr verlieren sie durch einen technischen Unfall jeglichen Kontakt zur Erde. Das Team will die Mission jedoch zu Ende führen und zeichnet weiterhin den Fortschritt mit Kameras auf. Sie finden neue Nahrungsformen und das Wasser entpuppt sich tatsächlich als flüssig, wodurch all ihre Hoffnungen und ihre Mission erfüllt zu sein scheinen. Die Crew macht sich für die Rückkehr zur Erde bereit, doch plötzlich spielen die Lichtsensoren verrückt und die Bewegungsmelder im Wasser schlagen Alarm...</plot>
<fsk>16</fsk>
<code>title</code>
</item>
<item>
<title>Cockneys vs Zombies</title>
<link1>http://vidplay.net/hi78n78haw6i</link1>
<link2>http://www.mightyupload.com/embed-q1t45qm7y919-645x353.html</link2>
<thumbnail>http://www.bilder-upload.eu/upload/b59312-1381304020.jpg</thumbnail>
<fanart>http://d3gtl9l2a4fn1j.cloudfront.net/t/p/original/6Unm63NmYdf9zdDGRw0sMdVZ568.jpg</fanart>
<imdb>5.9</imdb>
<darsteller> Rasmus Hardiker, Harry Treadaway, Michelle Ryan</darsteller>
<plot>Andy und Terry sind für Bankräuber eigentlich viel zu nett, aber den Brüdern bleibt keine andere Wahl, wenn sie Opas Altersheim vor der drohenden Schließung bewahren wollen. Ihr Überfall geht allerdings kräftig schief, und im Handumdrehen sehen sich unsere Helden mit einem Polizeiaufgebot vor der Bank konfrontiert – wie praktisch, dass genau in diesem Moment eine Zombie-Epidemie das Augenmerk auf elementare (Über-)Lebensfragen lenkt. Während also London wieder einmal unter dem Ansturm der untoten Plagegeister zusammenbricht, kämpfen sich Andy, Terry und eine Handvoll farbenfroher Charaktere durch die infizierte Stadt, um Opa und seine Freunde vor den fauligen Klauen ihrer Belagerer zu bewahren. In der Seniorenresidenz rüsten sich die Rentner derweil für ihre Endzeitschlacht …</plot>
<fsk>18</fsk>
<code>tt1362058</code>
</item>
<item>
<title>Tagebuch einer Nymphomanin</title>
<link1>http://vidplay.net/5gxjgdl9k1cs</link1>
<link2>http://www.mightyupload.com/embed-kwu32tvuoqkg-645x353.html</link2>
<thumbnail>http://www.bilder-upload.eu/upload/077e28-1381304999.jpg</thumbnail>
<fanart>http://d3gtl9l2a4fn1j.cloudfront.net/t/p/original/xLLEnooX1nDTRrK7lFTBp1jWlXI.jpg</fanart>
<imdb>5.6</imdb>
<darsteller></darsteller>
<plot>Valérie Tasso (Belén Fabra) hat bereits im Alter von 15 Jahren ihren Faible für Sex entdeckt. Seitdem will sie immer mehr und sucht täglich nach dem neuen gewissen Kick im Bett. Ihre sexuellen Abenteuer hat sie bereits mit so vielen Männern geteilt, dass sie schon lange aufgehört hat zu zählen. In Valeries Leben ist Sex ganz klar an erster Stelle. Doch bald reichen ihr die normalen sexuellen Ausflüge nicht mehr. Um eine weitere Tür ihrer durchtriebenen Fantasie aufzustoßen, entschließt sie sich in die Welt der Prostitution einzutauchen. Durch ihre langjährigen Erfahrungen und ihr charmantes Auftreten wird Valerie schnell zur beliebtesten Edel-Hure der Stadt. Doch plötzlich entwickelt sie auch ein Gefühl, dass ihr bisher eher fremd war: Sie sehnt sich nach wahrer Liebe, losgelöst von jeglichem körperlichen Verlangen.</plot>
<fsk>18</fsk>
<code>tt1111890</code>
</item>
<item>
<title>Die Monster Uni 2013</title>
<link1>http://vidplay.net/9bosjk1dn5c7</link1>
<link2>http://www.mightyupload.com/embed-588t74lg4qex-645x353.html</link2>
<thumbnail>http://images.cinefacts.de/thumbs/Die-Monster-Uni_dvd_cover.jpg</thumbnail>
<fanart>http://d3gtl9l2a4fn1j.cloudfront.net/t/p/original/5mDCKKS7M8aUZKdShnCa7lLbzmH.jpg</fanart>
<imdb>7.6</imdb>
<darsteller> Billy Crystal, John Goodman, Steve Buscemi</darsteller>
<plot>Disney Pixar präsentiert eine skurril-lustige Geschichte, in der zwei grundverschiedene Monster zu allerbesten Freunden werden! Schon als kleines Monster träumte Mike Glotzkowski davon, ein großer Schrecker zu werden, und wie jeder weiß, kommen die Besten nur von der Monster Uni (MU). Doch schon während des ersten Semesters geraten seine Karriere-Pläne komplett durcheinander, als er auf den berühmt-berüchtigten James P. „Sulley“ Sullivan trifft, den Star-Schrecker des neuen Jahrgangs. Fortan geraten beide ständig aneinander, bis der Konkurrenzkampf außer Kontrolle gerät und dazu führt, dass beide aus dem Schreckprogramm rausgeschmissen werden. Da erkennen Mike und Sulley, dass sie ab sofort zusammenarbeiten müssen, um ihren Traum doch noch erfüllen zu können. Mit einer bunt gemischten Monster-Truppe an ihrer Seite treten sie an, die großen Schreck-Spiele zu gewinnen, um somit zu beweisen, was sie wirklich draufhaben …</plot>
<fsk>0</fsk>
<code>tt1453405</code>
</item>
<item>
<title>Der letzte Exorzismus 2 :The Next Chapter</title>
<link1>http://vidplay.net/d0e96u816jbe</link1>
<link2>http://www.mightyupload.com/embed-h5n3egogban4-645x353.html</link2>
<thumbnail>http://images.cinefacts.de/thumbs/Der-Letzte-Exorzismus-The-Next-Chapter_dvd_cover.jpg</thumbnail>
<fanart>http://d3gtl9l2a4fn1j.cloudfront.net/t/p/original/8dqbSrHv2MfZ1SNCtm30Eu1I8zI.jpg</fanart>
<imdb>3.8</imdb>
<darsteller> Ashley Bell, Julia Garner, Spencer Treat Clark</darsteller>
<plot>Nell (Ashley Bell) erwacht in einem Wald und ist am Ende ihrer Kräfte. Sie kann sich nicht erklären, was in den vergangenen Stunden und Wochen passiert ist. Auch den Tod ihrer gesamten Familie kann sie nicht nachvollziehen. Sie zieht in ein Frauenhaus und versucht zusammen mit ihrem Therapeuten Frank Merle (Muse Watson), ihre Vergangenheit aufzuarbeiten und ein neues Leben zu beginnen. Zuerst läuft alles gut. Nell findet einen Job im nahegelegenen Hotel und verliebt sich in den netten Jungen Chris (Spencer Treat Clark) aus ihrer Nachbarschaft. Doch der Dämon, der einst ihr Leben ruiniert hat, verfolgt sie anscheinend immer noch. Sie kann ihn spüren, auch wenn es sich diesmal anders anfühlt als beim ersten Mal. Hat sie gemeinsam mit ihrem neuen Freund Chris eine Chance gegen das erwachende Böse, oder wird ihr der Dämon erneut alles entreißen, was ihr wichtig ist?</plot>
<fsk>16</fsk>
<code>tt2034139</code>
</item>
<item>
<title>The Colony 2013</title>
<link1>http://vidplay.net/a0u9zxy53d14</link1>
<link2>http://www.mightyupload.com/embed-wwkcp1tz0dct-645x353.html</link2>
<thumbnail>http://images.cinefacts.de/thumbs/4013549052191-Colony.jpg</thumbnail>
<fanart>http://d3gtl9l2a4fn1j.cloudfront.net/t/p/original/kCF76wyci4fe4DYsOIRLq1KI92t.jpg</fanart>
<imdb>5.2</imdb>
<darsteller> Kevin Zegers, Laurence Fishburne, Bill Paxton</darsteller>
<plot>Nach Anbruch einer neuen Eiszeit haben sich die wenigen Überlebenden in kleine Kolonien unter der Erde zurückgezogen. Auch Kolonie 7, angeführt von Briggs kämpft gegen frostige Kälte, Hunger, Isolation und durch fehlendes Tageslicht hervorgerufene Krankheiten an. Als die Vorräte schwinden und der Kontakt zur einzig bekannten anderen Kolonie abbricht, entschließt Briggs sich zu einer gefährlichen Expedition um herauszufinden, was in dieser anderen Kolonie passiert ist. Sein alter Waffenkamerad Mason äußert jedoch Bedenken und will ihn davon abhalten, dass Leben der Gruppe aufs Spiel zu setzen. Wie sich herausstellt aus gutem Grund: ihr Ziel erreichend, entdecken sie eine weitaus unmenschlichere, grausamere Bedrohung als sie sich je hätten vorstellen können…</plot>
<fsk>16</fsk>
<code>tt1160996</code>
</item>
<item>
<title>Go Trabi Go</title>
<link1>http://vidplay.net/0pmk01zri8b2</link1>
<link2>http://www.mightyupload.com/embed-tnpy5r7rwd4t-645x353.html</link2>
<thumbnail>http://images.cinefacts.de/thumbs/gotrabigo-plakat.jpg</thumbnail>
<fanart>http://d3gtl9l2a4fn1j.cloudfront.net/t/p/original/lwrljLTYwtmhrIbUAITwXmpz2lZ.jpg</fanart>
<imdb>5.4</imdb>
<darsteller> Wolfgang Stumph, Claudia Schmutzler, Marie Gruber</darsteller>
<plot>Anfang der 90er Jahre, kurz nach dem Mauerfall: Familie Struutz, bestehend aus Vater Udo, Mutter Rita und ihrer 17-jährigen Tochter Jacqueline, lebt in Bitterfeld, einer Stadt in Sachsen-Anhalt. Für die "Ossis" ist es der größte Wunsch, Urlaub in Italien zu machen. Und so brechen die drei mit ihrem Trabi "Schorsch" Richtung Neapel auf. Doch ein Trabant ist nicht ideal für Langstreckenfahrten - und so kommt es zu einigen Zwischenfällen, ehe sie das ersehnte Traumziel erreichen ...</plot>
<fsk>16</fsk>
<code>title</code>
</item>
<item>
<title>Critters 1 - Sie sind da!</title>
<link1>http://vidplay.net/irluvyxjj8lf</link1>
<link2>http://www.mightyupload.com/embed-xaorg22m8ajg-645x353.html</link2>
<thumbnail>http://images.cinefacts.de/thumbs/Critters-Cover-166615.jpg</thumbnail>
<fanart>http://d3gtl9l2a4fn1j.cloudfront.net/t/p/original/hz3V1Y7XQ8ITL7LMwy3sIK6EWDw.jpg</fanart>
<imdb>5.8</imdb>
<darsteller> Dee Wallace, M. Emmet Walsh, Billy Green Bush</darsteller>
<plot>Charlie McFadden ist ein junger Schluckspecht, der gern mehr trinkt, als er verträgt. Kein Mensch in der kleinen Stadt in Kansas, wo er lebt, nimmt ihn daher ernst; ausgerechnet er spürt jedoch als erster das Unheil, das sich über der Farm von Jay Brown zusammenbraut. Charlies Zahnplomben empfangen nämlich Signale aus dem Weltall! Sie stammen von einem Raumschiff, mit dem eines Abends eine Handvoll kleiner Monster mit messerscharfen Zähnen auf dem Gelände der Farm landen. Sie sind bei einem Gefangenentransport durchs All ausgebrochen und haben den Weg zur Erde gefunden, verfolgt von intergalaktischen Kopfgeldjägern. Diese sollen die Critters: so heißen die gefräßigen Biester: vernichten, tun sich aber schwer damit. So haben die unersättlichen Monster viel Zeit, die belagerte Farmerfamilie zu drangsalieren, während ihre Verfolger auf der Suche nach den Critters das friedliche Kansas-Städtchen in helle Aufregung versetzen. Ums Haar gelingt es den stachligen Kreaturen sogar, die Farmertochter April ins Weltall zu verschleppen, aber Brüderchen Brad befreit sie im letzten Augenblick. Leider sind inzwischen auch die martialischen Kopfgeldjäger zur Stelle, und das bekommt dem Farmhaus zunächst schlecht...</plot>
<fsk>16</fsk>
<code>tt0090887</code>
</item>
<item>
<title>Critters 2 - Sie kehren zurück</title>
<link1>http://vidplay.net/8muy913oubgw</link1>
<link2>http://www.mightyupload.com/embed-015aozn0919a-645x353.html</link2>
<thumbnail>http://images.cinefacts.de/thumbs/Critters2Siekehrenzurck-Cover-166616.jpg</thumbnail>
<fanart>http://d3gtl9l2a4fn1j.cloudfront.net/t/p/original/cOuEoMIf9v0trQs2cgTMN898LBs.jpg</fanart>
<imdb>4.9</imdb>
<darsteller> Scott Grimes, Liane Curtis, Terrence Mann</darsteller>
<plot>Jetzt wollen sie einen Nachschlag! Zwei Jahre ist es her, seit die teuflischen Critters im Städtchen Grovers Bend erstmals Angst und Schrecken verbreiteten und die Familie Brown vertrieben. Doch jetzt kehrt Brad Brown (Scott Grimes), "der Junge, der vor den Critters warnte", in die Heimat zurück... und zwar gerade noch rechtzeitig. Aus Critters-Eiern schlüpft eine neue tödliche Generation: Die blutgierigen Wollknäuel widmen sich mit Wonne ihrer Lieblingsbeschäftigung - Fressen. In kürzerster Zeit tauchen überall Eier auf - eine Viehweide wird zum Schauplatz einer Fressorgie, die Einwohner des Ortes verschwinden Happen für Happen. Zum Glück erscheinen drei Kopfgeldjäger aus dem All: Ug, Lee und Charlie wollen das Problem an der Wurzel packen. Aber wird es ihnen gelingen, Grovers Bend von den Critters zu säubern, bevor der Ort ausradiert ist?</plot>
<fsk>16</fsk>
<code>tt0094919</code>
</item>
<item>
<title>Critters 3 - Die Kuschelkiller kommen</title>
<link1>http://vidplay.net/h08q5yxl6bs9</link1>
<link2>http://www.mightyupload.com/embed-qca9rar7y1b8-645x353.html</link2>
<thumbnail>http://images.cinefacts.de/thumbs/Critters3-Cover-166617.jpg</thumbnail>
<fanart>http://d3gtl9l2a4fn1j.cloudfront.net/t/p/original/yudUlBHug3aely896BuEj8vKdpl.jpg</fanart>
<imdb>3.9</imdb>
<darsteller> John Calvin, Aimee Brooks, Christian Cousins</darsteller>
<plot>Die halbwüchsige Annie und der kleine Johnny kommen mit ihrem Vater aus einem unbefriedigenden Urlaub zurück, denn der Vater kann den Unfalltod der Mutter nicht verwinden. Sie ahnen nicht, dass sie an einem Rastplatz die Brut von gefrässigen kleinen Monstern aufgenommen und nun in ihren städtischen Mietblock transportiert haben. Im Keller des Hauses, das soeben von seinem skrupellosen Besitzer "entmietet" wird, geht die böse Brut auf und löst eine höllische Panik aus. Den Überlebenden, die von den aggressiven Kuscheltieren Stockwerk für Stockwerk bis aufs Dach gejagt werden, kommt schliesslich ein Kopfgeldjäger aus dem All zur Hilfe und kann die Schlacht für die Menschen entscheiden.</plot>
<fsk>16</fsk>
<code>tt0101627</code>
</item>
<item>
<title>Critters 4</title>
<link1>http://vidplay.net/nyxds6qzubi1</link1>
<link2>http://www.mightyupload.com/embed-046ocynmwhxk-645x353.html</link2>
<thumbnail>http://images.cinefacts.de/thumbs/Critters4-Cover-166618.jpg</thumbnail>
<fanart>http://d3gtl9l2a4fn1j.cloudfront.net/t/p/original/uKl7mpjUDxtw8SJ4Pc8i9o6yY8I.jpg</fanart>
<imdb>3.7</imdb>
<darsteller> Don Keith Opper, Terrence Mann, Paul Whitthorne</darsteller>
<plot>Die Erde kann aufatmen. Die letzten beiden Exemplare der mörderischen Critter-Spezies sind in einer Raumkapsel ins All befördert worden. 50 Jahre danach erwachen Sie zu neuem Leben und attackieren die Besatzung eines Spaceships. Ihre Gefräßigkeit nimmt kosmische Dimensionen an. Für die Critters-Jäger CHARLIE - Don Opper - beginnt die Jagd aufs neue. Doch die kleinen Biester mit den scharfen Beißerchen sind nicht zu fassen. Wieder nehmen Sie kurs auf den Planeten Erde.</plot>
<fsk>16</fsk>
<code>tt0101628</code>
</item>
<item>
<title>White House Down 2013</title>
<link1>http://vidplay.net/dg67sg2ahtzr</link1>
<link2>http://www.mightyupload.com/embed-gurq33wqxdqn-645x353.html</link2>
<thumbnail>http://images.cinefacts.de/thumbs/White-House-Down-Poster.jpg</thumbnail>
<fanart>http://d3gtl9l2a4fn1j.cloudfront.net/t/p/original/rq032edgmDekEE1uoWXw1gairXY.jpg</fanart>
<imdb>6.4</imdb>
<darsteller> Channing Tatum, Jamie Foxx, Maggie Gyllenhaal</darsteller>
<plot>Dem Washingtoner Polizisten John Cale (Channing Tatum) wurde gerade sein Traumjob verwehrt, für den Secret Service als Personenschützer von Präsident James Sawyer (Jamie Foxx) zu arbeiten. Weil er seiner kleinen Tochter die schlechte Nachricht schonend beibringen will, nimmt er sie mit zu einer Besichtigungstour durch das Weiße Haus. Doch plötzlich wird der gesamte Gebäudekomplex von einer schwer bewaffneten paramilitärischen Gruppe gestürmt und besetzt. Während die Regierung ins Chaos stürzt und allen die Zeit davonläuft, liegt es an Cale, den Präsidenten, seine Tochter und das Land zu retten.</plot>
<fsk>16</fsk>
<code>title</code>
</item>
<item>
<title>Karate Kid 2010</title>
<link1>http://vidplay.net/funr4ng83xf9</link1>
<link2>http://www.mightyupload.com/embed-pevry48hvcgy-645x353.html</link2>
<thumbnail>http://images.cinefacts.de/thumbs/KarateKid-Filmbild-75654.jpg</thumbnail>
<fanart>http://d3gtl9l2a4fn1j.cloudfront.net/t/p/original/rfhnEYubWD4hnUUm8xXmotpqffb.jpg</fanart>
<imdb>6.1</imdb>
<darsteller> Jackie Chan, Jaden Smith, Taraji P. Henson</darsteller>
<plot>Der zwölfjährige Dre zieht mit seiner Mutter von Detroit nach Peking. Obwohl er sich mit seiner Mitschülerin Mei Ying anfreundet, fühlt er sich nicht wohl in seiner neuen Umgebung. Der Grund ist sein Klassenkamerad Cheng, der keine Gelegenheit auslässt, Dre zu verprügeln und zu verfolgen. Cheng trainiert an einer Kung-Fu-Schule, deren Leiter den Schülern brutale Härte im Kampf abverlangt. Als Cheng und seine Freunde Dre wieder einmal zusammenschlagen, kommt dem schmächtigen schwarzen Jungen der Hausmeister seines Wohnblocks zu Hilfe, Mr. Han. Mr. Han spricht mit dem Trainer der Kung-Fu-Schule und erreicht, dass Dre von den Schülern nicht mehr angegriffen wird, zumindest nicht bis zu dem großen Kung-Fu-Turnier, das bald stattfinden soll. Dort, verspricht Mr. Han, werde sein Schützling gegen seine Feinde antreten. Dre ist entsetzt über diesen Deal, aber das Angebot von Mr. Han, ihm Kung Fu beizubringen, nimmt er gerne an. Doch das Training bei dem unscheinbaren Mann ist zunächst überhaupt nicht nach Dres Geschmack.</plot>
<fsk>6</fsk>
<code>tt1155076</code>
</item>
<item>
<title>Ganz weit hinten 2013</title>
<link1>http://vidplay.net/vbwuojat66fi</link1>
<link2>http://www.mightyupload.com/embed-i1htnjmzvwyb-645x353.html</link2>
<thumbnail>http://images.cinefacts.de/thumbs/The-Way-Way-Back-US-Poster.jpg</thumbnail>
<fanart>http://d3gtl9l2a4fn1j.cloudfront.net/t/p/original/qdR6j3zj37249alpnDKYDEDl0vq.jpg</fanart>
<imdb>7.7</imdb>
<darsteller> Steve Carell, Toni Collette, Allison Janney</darsteller>
<plot>Der schüchterne 14-jährige Duncan (Liam James) verbringt den Sommer mit seiner Mutter Pam (Toni Collette), ihrem überheblichen Freund Trent (Steve Carell) und dessen Tochter Steph (Zoe Levin) in einem Ferienhaus am Meer. Er fühlt sich in diesem familiären Umfeld nicht besonders wohl: Trents arrogante Art nervt ihn und mit den abendlichen Rotweingelagen der Erwachsenen kann er nichts anfangen. Aus diesem Grund sucht sich Duncan einen Ferienjob und heuert im "Water Wizz"-Vergnügungspark an. Dort freundet er sich mit dem Park-Manager Owen (Sam Rockwell) an, der so viel lockerer ist als die Erwachsenen, mit denen Duncan sonst zu tun hat. Mit Owens Hilfe gelingt es ihm, sein Selbstbewusstsein zu verbessern und seine Probleme aus einem neuen Blickwinkel zu betrachten: Er fängt eine Romanze mit der hübschen Susanna (AnnaSophia Robb) an und bemüht sich aktiv darum, besser mit seiner Familie und seiner Lebenssituation zurechtzukommen.</plot>
<fsk>12</fsk>
<code>tt1727388</code>
</item>
<item>
<title>Die Ermordung des Jesse James durch den Feigling Robert Ford</title>
<link1>http://vidplay.net/3jwaameadtmg</link1>
<link2>http://www.mightyupload.com/embed-z65170kqibx7-645x353.html</link2>
<thumbnail>http://images.cinefacts.de/thumbs/DieErmordungdesJesseJamesdurchdenFeiglingRobertFord-Filmbild-43657.jpg</thumbnail>
<fanart>http://d3gtl9l2a4fn1j.cloudfront.net/t/p/original/zAh7HC8Tk2D0q3VdMOP6boqNG9N.jpg</fanart>
<imdb>7.5</imdb>
<darsteller> Brad Pitt, Casey Affleck, Sam Shepard</darsteller>
<plot>Der Titel des Films fasst schon zusammen, was passiert: Robert Ford erschießt Jesse James. Ford war Mitglied der James-Gang, die am 7. September 1881 ihren letzten Eisenbahnüberfall verübte. In den folgenden Monaten fiel die Bande mehr und mehr auseinander – vereint nur noch in Freundschaft zu und Furcht vor dem charismatischen Jesse James. Robert Ford, ein Milchbubi von 19 Jahren, verehrte den Outlaw seit seiner Kindheit und bemüht sich stets, in seiner Nähe zu sein. Jesse ist dabei darauf bedacht, dass nie jemand auf die Idee käme, ihn zu verraten – notfalls auch, indem er ehemalige Bandenmitglieder kaltblütig umlegt. Zudem kommt es zu Spannungen innerhalb der losen Gruppe junger Rabauken – und so kommt es, dass Robert Ford zum erstenmal tötet – ausgerechnet den Cousin von Jesse James. Ford beginnt, Jesse zu fürchten, und als er wiederholt von Jesse zum Gespött gemacht wird, wandelt sich seine Verehrung, und er setzt sich mit der Polizei in Verbindung…</plot>
<fsk>12</fsk>
<code>tt0443680</code>
</item>
<item>
<title>Dracula Reborn 2012</title>
<link1>http://vidplay.net/zket1g0u6pbu</link1>
<link2>http://www.mightyupload.com/embed-d5qhqpipu6t6-645x353.html</link2>
<thumbnail>http://www.bilder-upload.eu/upload/575ad3-1381508482.jpg</thumbnail>
<fanart>http://d3gtl9l2a4fn1j.cloudfront.net/t/p/original/t3IDlkHRE1UwFVO3oypqtciKjpc.jpg</fanart>
<imdb>2.9</imdb>
<darsteller> Dani Lennon, Rene Arreola, Linda Bella</darsteller>
<plot>Immobilienmakler Jonathan Harker aus L.A. hätte wohl selbst nicht mehr damit gerechnet, die heruntergekommene alte Fabrik mitten im Kriegsgebiet der Mexikanergangs noch zu verkaufen, doch sein neuer seltsamer Edelkunde, der osteuropäische Multimillionär Vladimir Sarkany, bezahlt sogar anstandslos den Höchstpreis. Im Gegenzug nimmt er sich ein paar Freiheiten mit Harkers schöner junger Frau Lina heraus, was Harker um so weniger gefallen kann, als Sarkany sich als Vampir entpuppt.</plot>
<fsk>18</fsk>
<code>tt2320030</code>
</item>
<item>
<title>Hammer of the Gods 2013</title>
<link1>http://vidplay.net/u5d7iknvxoiy</link1>
<link2>http://www.mightyupload.com/embed-u6yez2z1ooc7-645x353.html</link2>
<thumbnail>http://images.cinefacts.de/thumbs/4250148707965-Hammer-of-the-Gods.jpg</thumbnail>
<fanart>http://d3gtl9l2a4fn1j.cloudfront.net/t/p/original/8gWjHiLeIRWIHNLScAs8LKbEJ4F.jpg</fanart>
<imdb>4.4</imdb>
<darsteller> Charlie Bewley, Alexandra Dowling, Clive Standen</darsteller>
<plot>Steinar (Charlie Bewley), ein unverbrauchter Krieger und jüngster Sohn des Königs, macht sich auf Befehl seines Vaters zusammen mit einer kleinen Truppe Männer auf die Suche nach seinem verschollenen Bruder, um sein Volk vor dem drohenden Untergang zu bewahren. Steinars epische Reise führt ihn durch feindliches Kriegsgebiet, lässt ihn reifen und zu dem Mann werden, den sich sein Vater als Nachfolger für sein Land wünscht: einen schonungslosen, unversöhnlichen Erben des Königlichen Throns..</plot>
<fsk>18</fsk>
<code>tt2193418</code>
</item>
<item>
<title>Chroniken der Unterwelt 2013</title>
<link1>http://vidplay.net/hq0kd1phv1n8</link1>
<link2>http://www.mightyupload.com/embed-wsqqcgxbnwas-645x353.html</link2>
<thumbnail>http://images.cinefacts.de/thumbs/Chroniken-der-Unterwelt-Poster.jpg</thumbnail>
<fanart>http://d3gtl9l2a4fn1j.cloudfront.net/t/p/original/5CNPeLUhQq4JfvzsIfR8pm0SVMN.jpg</fanart>
<imdb>6.5</imdb>
<darsteller> Lily Collins, Jamie Campbell Bower, Robert Sheehan</darsteller>
<plot>Clary Fray (Lily Collins) ist ein normaler und vor allem nur durchschnittlich beliebter Teenager. Doch als sie erfährt, dass sie einer überaus langen Blutlinie von sogenannten "Schattenjägern" entstammt, ändert sich für sie alles. Auch schon ihre Mutter Jocelyn (Lena Headey) war eine Kriegerin gegen das Böse und hat Jagd auf Dämonen gemacht, doch hat sie dieses Geheimnis stets vor ihrer Tochter gehütet. Als Clary während einer Party auf den geheimnisvollen Jace Wayland (Jamie Campbell Bower) trifft und kurz darauf auch noch ihre Mutter entführt wird, kommt das Mädchen hinter das Geheimnis seiner Familie und entdeckt, welche Kräfte in ihm schlummern. Jace führt Clary in die Gesellschaft der Schattenjäger ein und unterstützt sie bei der Suche nach ihrer Mutter. Doch schnell merken beide, dass noch viel mehr auf dem Spiel steht, denn der überaus gefährliche Valentine Morgenstern (Jonathan Rhys Meyers) schart eine riesige Armee bestehend aus Werwölfen, Vampiren und anderen tödlichen Kreaturen um sich, um einen letzten finalen Schlag gegen die Schattenkrieger auszuführen.</plot>
<fsk>16</fsk>
<code>title</code>
</item>
<item>
<title>Alexander Revisited The Final Cut</title>
<link1>http://vidplay.net/htlg0x5ddoj0</link1>
<link2>http://www.mightyupload.com/embed-vs2ckg3hmttr-645x353.html</link2>
<thumbnail>http://s7.directupload.net/images/131012/ds972k46.jpg</thumbnail>
<fanart>http://d3gtl9l2a4fn1j.cloudfront.net/t/p/original/duuLGh257UXW1rsU84oXmDma895.jpg</fanart>
<imdb>5.4</imdb>
<darsteller> Colin Farrell, Anthony Hopkins, Rosario Dawson</darsteller>
<plot>Oliver Stones Epos 'Alexander' basiert auf der wahren Geschichte einer der strahlendsten und einflussreichsten Leitfiguren der Geschichte. Der Film zeichnet den Lebensweg Alexander des Großen (356 - 323 vor Christus) nach, wie er zur lebenden Legende wurde. Von seiner Jugend, in der ihn Träume von Ruhm und Abenteuer antrieben, über die starken Bindungen zu seinen engsten Vertrauten, bis hin zu seinem einsamen und mysteriösen Tod als Herrscher über ein riesiges Imperium. Mutig und ehrlich zeigt der Film Alexanders (Colin Farrell) Leben und die Beziehungen zu seiner Mutter Olympias (Angelina Jolie), seinem Vater Philipp (Val Kilmer), seinem Heeresführer Hephaistion (Jared Leto), der ein Leben lang sein bester Freund blieb, zu Roxane (Rosario Dawson), seiner ehrgeizigen und schönen Frau, und schließlich zu Ptolemaios (Anthony Hopkins), seinem zuverlässigen General und Vertrauten...</plot>
<fsk>16</fsk>
<code>title</code>
</item>
<item>
<title>Postal Directors Cut</title>
<link1>http://vidplay.net/o1pk5z2rfpuz</link1>
<link2>http://www.mightyupload.com/embed-w3h0p4bug1an-645x353.html</link2>
<thumbnail>http://images.cinefacts.de/thumbs/Postal-Cover-174794.jpg</thumbnail>
<fanart></fanart>
<imdb>4.2</imdb>
<darsteller> Dave Foley, Verne Troyer, Zack Ward</darsteller>
<plot>Der Dude (Zack Ward) ist scheinbar ein geborener Verlierer: er ist arbeitslos, pleite und muss mit seiner ihm untreuen Frau in einem Wohnwagenpark in der Kleinstadt Paradise leben. Um sein Leben umzugestalten sucht er Rat bei seinem Onkel Dave (Dave Foley), dem Anführer einer sexuell orientierten Weltuntergangssekte. Dave, welchem das Finanzamt im Nacken sitzt, hat einen Plan, der beiden aus ihrer Miesere helfen soll: einen Einbruch in den örtlichen Vergnügungspark „Little Germany“. Dort lagern 2000 Exemplare der heißbegehrten und gewinnversprechenden „Krotchy-Dools“. Doch die beiden sind nicht die einzigen, die hinter den Puppen her sind: Osama Bin Laden und die Taliban sind scharf auf die in ihnen geschmuggelten „Biowaffen“…</plot>
<fsk>16</fsk>
<code>title</code>
</item>
<item>
<title>High Tension UNCUT</title>
<link1>http://vidplay.net/hlktoyvmo3jc</link1>
<link2>http://www.mightyupload.com/embed-396n22pp9j44-645x353.html</link2>
<thumbnail>http://images.cinefacts.de/thumbs/HighTension-Cover-132673.jpg</thumbnail>
<fanart></fanart>
<imdb>6.7</imdb>
<darsteller></darsteller>
<plot>Marie (Cécile De France) besucht mit ihrer Freundin und Kommilitonin Alex (Maïwenn Le Besco) das Landhaus von Alex’ Eltern. Doch aus der Idylle wird schnell die Hölle: Ein brutaler Mörder lauert bereits, dringt kaltblütig ins Haus ein. Mord und Verstümmlung folgen. Marie kann sich verstecken und dem Grauen entgegen. Doch als Alex gefesselt und im LKW des Psychokillers entführt wird, setzt Marie nach, versucht, ihre Freundin zu befreien. Dabei kommt es zu noch mehr Opfern. Und schließlich muss Alex feststellen, dass alles doch nicht so ist wie es scheint.</plot>
<fsk>18</fsk>
<code>title</code>
</item>
<item>
<title>King Arthur Directors Cut</title>
<link1>http://vidplay.net/x641kgk3v8qs</link1>
<link2>http://www.mightyupload.com/embed-bws6ogjmvcpb-645x353.html</link2>
<thumbnail>http://images.cinefacts.de/thumbs/KingArthur-Filmbild-25251.jpg</thumbnail>
<fanart>http://d3gtl9l2a4fn1j.cloudfront.net/t/p/original/r0vSKooy7FjFQtMJ1fBF46Q05Nj.jpg</fanart>
<imdb>6.2</imdb>
<darsteller> Clive Owen, Stephen Dillane, Keira Knightley</darsteller>
<plot>Nach dem Zerfall des Römischen Reiches herrscht in England Anarchie. Seit Jahren befinden sich die Ritter des Landes im Kampf um die Territorien. Als die barbarischen Sachsen in das Land einfallen und Krieg ausbricht, folgt eine Zeit des Aufruhrs und der Verwüstung. Ein Mann jedoch scheint alle wieder vereinen zu können. Gemeinsan mit den Rittern der Tafelrunde, der zukünftigen Königin Guinevere (Keira Knightley) dem Mentor Merlin (Stephen Dillane) und dem tapferen Krieger Lancelot (Ioan Gruffudd) ist der große Heeresführer Arthur (Clive Owen) entschlossen, der Gewaltherrschaft ein Ende zu setzen und England zu retten...</plot>
<fsk>12</fsk>
<code>title</code>
</item>
<item>
<title>Crawl Home Killing Home</title>
<link1>http://vidplay.net/uoafpm5pnnum</link1>
<link2>http://www.mightyupload.com/embed-ksvtw1iagsbu-645x353.html</link2>
<thumbnail>http://s7.directupload.net/images/131013/9r65lv9a.jpg</thumbnail>
<fanart>http://d3gtl9l2a4fn1j.cloudfront.net/t/p/original/p80RBtD0geyYjHwWHnlzHjUjOeF.jpg</fanart>
<imdb>4.8</imdb>
<darsteller> Virginie Efira, Pierre Niney, Charles Berling</darsteller>
<plot>Als in einer kleinen Stadt im australischen Hinterland ein mysteriöser Fremder auftaucht, verheisst das nichts Gutes: seltsamer Akzent, schlaksige Gestalt, ein alternder Cowboy mit riesigem Stetson- Hut und erbarmungsloser Auftragskiller, der von dem schmierigen Barbesitzer Slim Walding beauftragt wurde, einen zahlungsunwilligen Geschäftspartner zu beseitigen. Zunächst läuft alles nach Plan, und der Fremde will nichts lieber als wieder schnell zu verschwinden. Doch das ist alles andere als einfach, die Flucht misslingt und er landet im Haus der unschuldigen Kellnerin Marilyn Burns, die eigentlich nur einen schönen, romantischen Abend mit ihrem Freund verbringen wollte. Jetzt ist sie aber Gefangene in ihren eigenen vier Wänden, und muss um ihr Überleben kämpfen …</plot>
<fsk>18</fsk>
<code>title</code>
</item>
<item>
<title>Mimesis - Night of the Living Dead</title>
<link1>http://vidplay.net/a57kvizdm05w</link1>
<link2>http://www.mightyupload.com/embed-hp85jzetc3nt-645x353.html</link2>
<thumbnail>http://www.bilder-upload.eu/thumb/21b799-1381681701.jpg</thumbnail>
<fanart>http://d3gtl9l2a4fn1j.cloudfront.net/t/p/original/7NQcdGaIE59hKn80WjyTGhLJhND.jpg</fanart>
<imdb>4.0</imdb>
<darsteller> Allen Maldonado, Sid Haig, Lauren Mae Shafer</darsteller>
<plot>Zwei Horror-Nerds werden auf einer Convention zu einer exklusiven Party eingeladen. Klar gehen sie hin, ohne zu wissen, dass die Veranstalter ihr eigenes Ding planen: Sie wollten den Kult-Klassiker „The Night of the Living Dead“ nachstellen. Echte Zombies haben sie schon, es fehlen nur die Opfer … Die Partygäste wachen am nächsten Morgen in den Original-Kostümen auf. Noch wissen sie nicht, was das soll, doch als die ersten Zombies an die Tür klopfen, dämmert es ihnen sehr schnell. Sie kämpfen um ihr Leben. Aber im Original hat keiner der Protagonisten überlebt.</plot>
<fsk>18</fsk>
<code>tt1720164</code>
</item>
<item>
<title>Quartett 2012</title>
<link1>http://vidplay.net/jegifda48y38</link1>
<link2>http://www.mightyupload.com/embed-frwzatk5vol6-645x353.html</link2>
<thumbnail>http://images.cinefacts.de/thumbs/Quartet-Plakat.jpg</thumbnail>
<fanart></fanart>
<imdb>6.7</imdb>
<darsteller> Maggie Smith, Michael Gambon, Billy Connolly</darsteller>
<plot>In Beecham House, einer englischen Seniorenresidenz für Opernsänger und Orchestermusiker, herrscht Aufregung: Die berühmte Sopranistin Jean Horton (Maggie Smith) zieht ein. Bewohner Reggie (Tom Courtenay), Jeans Ex-Mann, ist entsetzt, denn er hat ihren Jahrzehnte zurückliegenden Seitensprung noch immer nicht verkraftet. Nun sind alle vier Sänger im Heim vereint, die einst mit einer Schallplattenaufnahme von Verdis „Rigoletto“ Erfolge feierten. Also könnten sie als Quartett das Glanzstück der diesjährigen Gala bilden, auf der die Bewohner vor Publikum auftreten sollen. Aber Jean denkt nicht daran, sich lächerlich zu machen.</plot>
<fsk>0</fsk>
<code>tt1441951</code>
</item>
<item>
<title>Battleground - Helden im Feuersturm 2013</title>
<link1>http://vidplay.net/5ocefgke1sqh</link1>
<link2>http://www.mightyupload.com/embed-o8bj36ethpa6-645x353.html</link2>
<thumbnail>http://images.cinefacts.de/thumbs/Battleground_dvd_cover.jpg</thumbnail>
<fanart>http://d3gtl9l2a4fn1j.cloudfront.net/t/p/original/ezJ5kgkMs5buXfmm5lZ6p2RUsGz.jpg</fanart>
<imdb>4.7</imdb>
<darsteller> Johan Earl, Tim Pocock, Martin Copping</darsteller>
<plot>Frankreich 1916: An der Somme tobt die größte Schlacht des Ersten Weltkrieges. Die deutschen Truppen sind vorgerückt und haben britisches Gebiet erobert. Nach mehreren erfolglosen Gegenangriffen wird der erfahrene Sergeant Major Wilkins beauftragt, mit seinem Infanterie-Zug einen finalen Angriff zu führen. Die britischen Soldaten haben keine Chance gegen das deutsche Abwehrfeuer, fast alle von ihnen sterben im Kugelhagel. Die Überlebenden stranden zwischen den Fronten. Wilkins weiß, dass als nächstes ein massiver alliierter Artillerieangriff folgen wird, der auch ihren Tod bedeuten würde. Zudem ist der deutsche Feldwebel Schulz fest entschlossen, die Überlebenden zwischen den Fronten zu verfolgen und zu töten. Wird Wilkins es schaffen, seine Männer rechtzeitig zu den eigenen Truppen zurückzubringen?</plot>
<fsk>16</fsk>
<code>tt2186783</code>
</item>
<item>
<title>Enemies - Welcome to the Punch 2013</title>
<link1>http://vidplay.net/d5s643ed1dde</link1>
<link2>http://www.mightyupload.com/embed-atppvyo8ldag-645x353.html</link2>
<thumbnail>http://images.cinefacts.de/thumbs/Enemies-Welcome-to-the-Punch_dvd_cover.jpg</thumbnail>
<fanart>http://d3gtl9l2a4fn1j.cloudfront.net/t/p/original/xwdGyVw5ELdfGMwpmN6D5Bk4THH.jpg</fanart>
<imdb>6.1</imdb>
<darsteller> James McAvoy, Mark Strong, Andrea Riseborough</darsteller>
<plot>Der junge Polizist Max Lewinsky (James McAvoy) hat noch eine Rechnung offen: Vor Jahren entkam ihm der Gangster Jacob Sternwood (Mark Strong) und flüchtete sich ins sichere Ausland. Als dessen Sohn Ruan (Elyes Gabel) bei einem Raubüberfall angeschossen wird und in die Hände der Polizei fällt, kehrt Jacob nach London zurück, um ihm aus der Klemme zu helfen. Sofort wittert Lewinsky seine zweite Chance, Sternwood zu schnappen und seiner gerechten Strafe zu überführen.Doch dann werden die Karten neu gemischt - Lewinsky und Sternwood müssen feststellen, dass sie Teil eines großen Komplotts sind...</plot>
<fsk>16</fsk>
<code>tt1684233</code>
</item>
<item>
<title>Die Strassen Harlems</title>
<link1>http://vidplay.net/sjxnt42w8al0</link1>
<link2>http://www.mightyupload.com/embed-r76nwsjmeqch-645x353.html</link2>
<thumbnail>http://images.cinefacts.de/thumbs/DieStrassenHarlems-Cover-128144.jpg</thumbnail>
<fanart>http://d3gtl9l2a4fn1j.cloudfront.net/t/p/original/wCbhLdn0iuC6ulGHBo7idulOfef.jpg</fanart>
<imdb>6.5</imdb>
<darsteller> Mekhi Phifer, Wood Harris, Chi McBride</darsteller>
<plot>Mitte der 80er-Jahre jobbt der gutmütige Ace (Harris Wood) als Ausläufer einer Kleiderreinigung in New Yorks Schwarzenviertel Harlem. In der Schule hat er es wie viele nicht allzu weit gebracht, aber das bescheidene Einkommen reicht zum Leben. Seine beiden Kumpel Mitch (Mekhi Phifer) und Calvin (Kevin Carroll) haben da schon Grösseres im Sinn: Ihrem Vorbild Al Pacino im Gangsterstreifen «Scarface» nacheifernd handeln sie mit Drogen, um ans grosse Geld zu kommen. Denn nur wer mit dem fettesten Auto am abendlichen Treffpunkt vor dem Imbiss vorfährt und mit dem heissesten Girl ausgeht, hat es in den Augen der anderen geschafft. Als Calvin und Mitch geschnappt werden und in den Knast wandern, schlittert Ace ebenfalls in den Drogenhandel und übernimmt den Lieferanten sowie die Kunden seiner Freunde. Nach anfänglichem Erfolg und einem traumhaften Geldsegen ruft Aces Geschäftstaktik, den Stoff billiger als alle anderen anzubieten, Neider auf den Plan. Schlimmer noch: Auch seine schwangere Freundin Kiesha (Regina Hall), mit der er nach der Geburt des Babys ein ehrliches Leben anfangen wollte, gerät in Gefahr. Nur ein radikaler Bruch mit seinem kriminellen Leben kann Ace jetzt noch retten. Doch Erinnerungen gehen nicht so schnell vergessen.</plot>
<fsk>16</fsk>
<code>tt0259484</code>
</item>
<item>
<title>The Haunting of Helena</title>
<link1>http://vidplay.net/3uawts31bsn3</link1>
<link2>http://www.mightyupload.com/embed-fqny599kx9wj-645x353.html</link2>
<thumbnail>http://images.cinefacts.de/thumbs/The-Hauting-of-Helena_dvd_cover.jpg</thumbnail>
<fanart>http://d3gtl9l2a4fn1j.cloudfront.net/t/p/original/88ZZuv8jHjHe3bmwEZJLZnTmyNJ.jpg</fanart>
<imdb>4.8</imdb>
<darsteller> George Shevtsov, Bob Newman, Georgina Haig</darsteller>
<plot>Als Helena ihren ersten Zahn verliert, wird sie mehr und mehr von Albträumen heimgesucht. Doch bei den Albträumen bleibt es nicht. Während ihre alleinerziehende Mutter Sophie noch versucht eine Antwort auf die Träume zu finden, entwickelt Helena ein unstillbares Verlangen nach den Zähnen ihrer Klassenkameraden. Von da an ist Sophie klar, dass etwas mit ihrem neuen zuhause nicht in Ordnung sein kann. Sie muss sich nicht nur um ihr Kind, sondern auch um ihren eigenen Verstand fürchten. Nervenzerfetzendes Horrorkino, das geschickt Psychoterror und Schockmomente verbindet.</plot>
<fsk>16</fsk>
<code>tt1848832</code>
</item>
<item>
<title>Sawney Menschenfleisch 2012</title>
<link1>http://vidplay.net/6267ktrcohcj</link1>
<link2>http://www.mightyupload.com/embed-efzp1gy89itf-645x353.html</link2>
<thumbnail>http://images.cinefacts.de/thumbs/Sawney_dvd_cover.jpg</thumbnail>
<fanart></fanart>
<imdb>4.4</imdb>
<darsteller> David Hayman, Samuel Feeney, Gavin Mitchell</darsteller>
<plot>Sawney (David Hayman) ist ein religiöser psychopathischer Killer, der durch Städte und Dörfer der schottischen Highlands zieht, um arme Seelen für die Kommunion und anschließende Opferung zu “sammeln”. Zusammen mit seinen irren Familienmitgliedern Judd (Jean-Paul Jesstiece) und Jake (Will Sutton) entführt er Menschen, die er in seinem Versteck in den Bergen vergewaltigt, foltert und auffrisst. Als die Anzahl verschwundener Personen anzusteigen beginnt, wittert der sensationslüsterne Journalist Hamish MacDonald (Samuel Feeney) eine gute Story. Eigentlich ermittelt die Polizei bereits in dem Fall, aber da Hamish andauernd ihre Arbeit behindert, willigt der Inspektor Bill Munro (Gavin Mitchell) schließlich ein, ihm Informationen zu geben. Das führt jedoch dazu, dass sich der Journalist selbst auf die Suche nach den Serienkillern macht – was zur Folge hat, dass Wendy McIntyre (Elizabeth Brown), die Verlobte des Reporters, zum Ziel für den wahnsinnigen Sawney wird.</plot>
<fsk>18</fsk>
<code>title</code>
</item>
<item>
<title>Wild Wild West</title>
<link1>http://vidplay.net/r364k9p5g4mu</link1>
<link2>http://www.mightyupload.com/embed-r8zq22ub8596-645x353.html</link2>
<thumbnail>http://images.cinefacts.de/thumbs/WildWildWest-Filmbild-12199.jpg</thumbnail>
<fanart>http://d3gtl9l2a4fn1j.cloudfront.net/t/p/original/y3Q9tQsRFM961TGCB0txIv5A8sO.jpg</fanart>
<imdb>4.6</imdb>
<darsteller> Will Smith, Kevin Kline, Kenneth Branagh</darsteller>
<plot>Nach dem amerikanischen Bürkerkrieg herrscht im ganzen Land Unruhe. Präsident Ulysses Grant (Kevin Kline) versucht sein Volk zusammenzuhalten - und immer wenn Ärger auftaucht, kann er auf seine beiden besten Männer zählen. Der eine davon ist James West (Will Smith), der schnellste Revolverschütze im Wilden Westen. West jagt den Südstaatengeneral McGrath (Ted Levine), der angeblich für den Tod seiner Eltern verantwortlich sein soll. Als er in einer Kneipe versucht McGrath zu verhaften, kommt er sich mit Artemus Gorden (Kevin Kline) ins Gehege, der nicht nur der andere von des Präsidenten besten Männern ist, sondern selber hinter McGrath her ist, jedoch auch weiß, dass McGrath nur ein kleines Licht ist, hinter dem ein ganz anderer steht. McGrath kann dank der Unfähigkeit von West und Gorden entkommen. Als die beiden vom Präsidenten den Befehl erhalten, zusammen zu arbeiten, sind sie sich natürlich spinnefeind - anfangs. Denn sie wissen nur zu gut, dass hinter McGrath der wahnsinnige, aber geniale Wissenschaftler Arless Loveless (Kenneth Branagh) steht...äh...sitzt, denn Loveless ist bei einem seiner irren Experimente in zwei Teile gerissen worden und lebt seitdem ohne Beineim Rollstuhl. Loveless will Amerika mit der Hilfe seiner hochmodernen Erfindungen unterwerfen, um diese jedoch überhaupt bauen zu können, hat er die führenden Wissenschaftler der Erde entführt und zwingt sie, für ihn zu arbeiten. So reisen ihm West und Gorden, die sich beide durch ihre offene Arroganz, jedoch auch durch ihren Mut und - zumindest Artemus - durch ihren eigenen Erfindungsgeist auszeichnen, mit einem Luxuszug und dem Lokführer Coleman (M.Emmet Walsh) Loveless hinterher um ihn zu stoppen. Dabei haben sie auch ganz schnell Rita Escobar (Salma Hayek) an den Fersen. Die sucht ihren Vater, der zu den von Loveless entführten Wissenschaftlern gehört. Dummerweise entwickeln die beiden Westernhelden auch noch zarte Gefühle für die schöne Rita und haben deshalb noch mehr Gründe sich zu streiten. Loveless baut in der Zwischenzeit seine Geheimwaffe fertig: eine mechanische Spinne, die innnerhalb weniger Minuten dazu fähig wäre, ganze Städte auszuradieren..</plot>
<fsk>12</fsk>
<code>tt0120891</code>
</item>
<item>
<title>Kinder des Himmels</title>
<link1>http://vidplay.net/1nw7nhzpdnot</link1>
<link2>http://www.mightyupload.com/embed-86bemlf2ztlm-645x353.html</link2>
<thumbnail>http://images.cinefacts.de/thumbs/KinderdesHimmels-Cover-158336.jpg</thumbnail>
<fanart></fanart>
<imdb>8.1</imdb>
<darsteller> Mohammad Amir Naji, Amir Farrokh Hashemian, Bahare Seddiqi</darsteller>
<plot>Auf dem Nachhauseweg werden dem zehnjährigen Ali die Schuhe seiner Schwester Zohre gestohlen. Eine Katastrophe, denn wie Ali selbst besitzt Zohre nur ein einziges Paar, ohne das sie nicht zur Schule gehen kann. Aus Angst vor der Strafe ihres Vaters beschließen die Geschwister, den Eltern nichts zu erzählen und sich Alis Schuhe zu teilen. Von nun an muss Zohre nachmittags so schnell sie kann nach Hause laufen, damit Ali mit den Schuhen zur Schule kann. Leider schafft sie es nicht immer rechtzeitig, so dass ihr Bruder immer häufiger fehlt. Doch dann wird ein Laufwettkampf aller Schulen ausgeschrieben, bei dem es ein paar Turnschuhe zu gewinnen gibt ...</plot>
<fsk>-</fsk>
<code>tt0118849</code>
</item>
<item>
<title>The Assassins</title>
<link1>http://vidplay.net/nm0zrp7qw4xj</link1>
<link2>http://www.mightyupload.com/embed-jqbewbnh59mr-645x353.html</link2>
<thumbnail>http://images.cinefacts.de/thumbs/The-Assassins_dvd_cover.jpg</thumbnail>
<fanart>http://d3gtl9l2a4fn1j.cloudfront.net/t/p/original/7Iazal2TLP0xaF7sNHErlSqMGBX.jpg</fanart>
<imdb>5.5</imdb>
<darsteller> Yun-Fat Chow, Yifei Liu, Hiroshi Tamaki</darsteller>
<plot>198 v. Chr. – das Ende der Han-Dynastie rückt immer näher. Premierminister Cao Cao hat den größten Krieger Chinas besiegt und lässt das Land erstarren. Er ist mächtiger denn je und droht, nun endgültig das Han-Imperium zu erobern. Jedoch werden gleichzeitig Attentäter für eine grausame, geheime Mission ausgebildet...</plot>
<fsk>16</fsk>
<code>tt2063013</code>
</item>
<item>
<title>Universal Soldier</title>
<link1>http://vidplay.net/9o3mz0dlli5z</link1>
<link2>http://www.mightyupload.com/embed-abxsi6qfh4eh-645x353.html</link2>
<thumbnail>http://images.cinefacts.de/thumbs/Universal-Soldier_Uncut_dvd_cover.jpg</thumbnail>
<fanart>http://d3gtl9l2a4fn1j.cloudfront.net/t/p/original/vDzW5BmYnuHbDiMJ6je5E9FLzEJ.jpg</fanart>
<imdb>5.8</imdb>
<darsteller> Jean-Claude Van Damme, Dolph Lundgren, Ally Walker</darsteller>
<plot>In einem geheimen Auftrag der US-Regierung gelingt es Forschern, tote Soldaten gentechnologisch zu neuem Leben zu erwecken. Die Universal Soldiers sind die perfekten Kampfmaschinen: Roboter, die eiskalt töten und kein Gewissen oder Gedächtnis haben. Die ultimative Einsatztruppe für Krisensituationen. Der Erfolg ist überwältigend. Doch das Experiment gerät außer Kontrolle, als zwei Soldaten ihre Erinnerungen zurück erlangen. Luc Deveraux und Andrew Scott haben aus ihrem vorherigen leben noch eine tödliche Rechnung offen. Ohne Rücksicht auf Verluste bekämpfen sich die beiden Killermaschinen, Kollateralschäden unvermeidbar …</plot>
<fsk>16</fsk>
<code>tt0105698</code>
</item>
<item>
<title>Cult 2013</title>
<link1>http://vidplay.net/2kwfoveutxgk</link1>
<link2>http://www.mightyupload.com/embed-i6lrcusucsby-645x353.html</link2>
<thumbnail>http://s14.directupload.net/images/131016/qykalfis.jpg</thumbnail>
<fanart></fanart>
<imdb>5.0</imdb>
<darsteller></darsteller>
<plot>Die Kaneda Familie wird jede Nacht von übernatürlichen Geschehnissen heimgesucht. Der Exorzist Unsui soll dem Spuk ein Ende bereiten. Begleitet wird er von den drei Sternchen Mari, Mayuko und Yu, die den Exorzismus für eine TV-Show festhalten wollen. Doch schon bald bemerkt Unsui, dass der Dämon viel zu mächtig für ihn alleine ist: im Kampf gegen den Dämonen wird er zunächst schwer verwundet und schließlich getötet. Doch der Dämon scheint nicht das größte Übel zu sein, das sich aus den Schatten erhebt. Die drei Schönheiten müssen sich an einen unkonventionellen und skrupellosen Geisterjäger wenden, um die wahre Gefahr noch abwenden zu können!</plot>
<fsk>18</fsk>
<code>title</code>
</item>
<item>
<title>Robin Hood und ich 2013</title>
<link1>http://vidplay.net/xrtsm10pkhjj</link1>
<link2>http://www.mightyupload.com/embed-3rtpwiy3qm5m-645x353.html</link2>
<thumbnail>http://images.cinefacts.de/thumbs/Robin-Hood-und-ich_dvd_cover.jpg</thumbnail>
<fanart></fanart>
<imdb>5.2</imdb>
<darsteller> Pasquale Aleardi, Nadja Becker, Laura Osswald</darsteller>
<plot>Marion (Nadja Becker) steckt tief im Schlamassel: Ihr Ex-Mann Felix (André Röhner) kämpft um das alleinige Sorgerecht der gemeinsamen Kinder und ihr Arbeitsplatz wird aller Voraussicht nach nicht mehr lange Bestand haben. Die Textilfabrik, in der sie arbeitet, ist pleite und ausgerechnet ihr Ex ist der zuständige Insolvenzverwalter. Dass die zukünftige Arbeitslosigkeit damit beschlossene Sache ist, kann sich Marion bereits denken. Inmitten dieser Unruhen liest die Mutter eines Tages die Geschichte von Robin Hood. Genervt vom Happy End des Buches, schmeißt sie es anschließend achtlos in die Ecke. Doch genau von jenem Zeitpunkt an verändert sich ihr Leben: Denn der Held aus dem Sherwood Forest (Pasquale Aleardi) purzelt plötzlich unverhofft in die Berliner Küche. Beide sind zunächst schockiert von dem nicht begreifbaren Geschehnis, fangen sich jedoch nach einer gewissen Zeit wieder. Der Held sieht in der jungen Mutter seine neue Mission und diese wird keine leichte…</plot>
<fsk>6</fsk>
<code>title</code>
</item>
<item>
<title>Die Unendliche Geschichte</title>
<link1>http://vidplay.net/rk62ayksr9mn</link1>
<link2>http://www.mightyupload.com/embed-nbb7na38725i-645x353.html</link2>
<thumbnail>http://images.cinefacts.de/thumbs/Die-unendliche-Geschichte_dvd_cover.jpg</thumbnail>
<fanart>http://d3gtl9l2a4fn1j.cloudfront.net/t/p/original/kUge2RFShsRF9Qbc7ZNEaa0VFqf.jpg</fanart>
<imdb>7.2</imdb>
<darsteller> Noah Hathaway, Barret Oliver, Tami Stronach</darsteller>
<plot>Auf der Flucht vor ihnen rettet er sich eines Tages in ein Antiquariat, wo er einem alten Buchhändler begegnet, der ihn vor einem geheimnisvollen Buch warnt. Bastian kann nicht widerstehen und “leiht” sich das Buch mit dem seltsamen Titel heimlich aus, um es auf dem dunklen Dachboden der Schule zu lesen. Er gerät in eine abenteuerliche Reise durch Phantasiens Welt der Winzlinge, Rennschnecken, Felsenbeißer und Glücksdrachen, die vom Untergang bedroht ist und verzweifelt nach einem Retter sucht. Phantasien scheint verloren, als Bastian begreift, welche Rolle er in der unendlichen Geschichte spielen kann…</plot>
<fsk>6</fsk>
<code>title</code>
</item>
<item>
<title>Man Of Steel 2013</title>
<link1>http://vidplay.net/x9edkjro7yt3</link1>
<link2>http://www.mightyupload.com/embed-h4t7cofe6a0w-645x353.html</link2>
<thumbnail>http://images.cinefacts.de/thumbs/Man-of-Steel-Poster.jpg</thumbnail>
<fanart>http://d3gtl9l2a4fn1j.cloudfront.net/t/p/original/jHC63hQR9HBZRXfIZmXwjFE8T7f.jpg</fanart>
<imdb>7.6</imdb>
<darsteller> Henry Cavill, Amy Adams, Michael Shannon</darsteller>
<plot>Clark Kent (Henry Cavill) ist ein junger Mann mit Superkräften jenseits aller menschlichen Vorstellungskraft. Dennoch oder vielleicht sogar deswegen fühlt er sich allein und isoliert. Vor Jahren hat ihn sein Vater Jor-El (Russell Crowe) von Krypton, einem hoch entwickelten Planeten, zur Erde geschickt und nun sieht sich Clark ständig mit der Frage konfrontiert: Wieso bin ich hier? Geprägt von den Werten seiner Adoptiveltern Martha (Diane Lane) und Jonathan Kent (Kevin Costner) entdeckt Clark bald, dass Superkräfte zu haben auch Verantwortung mit sich bringt und die Notwendigkeit, schwierige Entscheidungen zu treffen. Clarks Adoptivvater glaubt, dass die Menschheit nicht bereit ist, zu erfahren, wer sein Sohn wirklich ist und welche Fähigkeiten er hat. Doch als die Welt vom finsteren General Zod (Michael Shannon) angegriffen wird, braucht sie ihren 'Superman' dringender als jemals zuvor - ob sie nun bereit ist oder nicht.</plot>
<fsk>6</fsk>
<code>title</code>
</item>
<item>
<title>Curse of Chucky UNRATED 2013</title>
<link1>http://vidplay.net/ba9vy5kzqupx</link1>
<link2>http://www.mightyupload.com/embed-pzn3sb05xgnu-645x353.html</link2>
<thumbnail>http://images.cinefacts.de/thumbs/Curse-of-Chucky_dvd_cover.jpg</thumbnail>
<fanart></fanart>
<imdb>5.6</imdb>
<darsteller> David Hayman, Samuel Feeney, Gavin Mitchell</darsteller>
<plot>Eines Tages erhält die querschnittsgelähmte Nica (Fiona Dourif), die von Geburt an im Rollstuhl sitzt und daher immer noch bei ihrer überfürsorglichen Mutter wohnt, ein Päckchen mit einer hässlichen rothaarigen Puppe. Da diese die beiden nicht weiter interessiert, bringt ihre Mutter sie auf den Dachboden. Einige Tage später hat diese einen Unfall, der für sie tödlich endet. Nach dem mysteriösen Ableben ihrer Mutter ist Nica voll und ganz damit beschäftigt, die Beerdigung zu organisieren. Zu diesem Zweck trommelt sie die gesamte Familie, darunter auch ihre Schwester Barb (Danielle Bisutti) und ihr Schwager Ian (Brennan Elliott) zusammen. Ian und Barb bringen außerdem noch ihre fünfjährige Tochter Alice (Summer Howell) mit. Mitten in den Vorbereitungen findet das junge Mädchen das Paket mit der Puppe und beginnt mit ihr zu spielen. Als dann auf einmal weitere Menschen im Haus sterben, kommt Nica ein abstruser Verdacht...</plot>
<fsk>16</fsk>
<code>title</code>
</item>
<item>
<title>Casablanca</title>
<link1>http://vidplay.net/g84sfhagj56g</link1>
<link2>http://www.mightyupload.com/embed-nivzkgec3tq7-645x353.html</link2>
<thumbnail>http://images.cinefacts.de/thumbs/Casablanca-Filmbild-11037.jpg</thumbnail>
<fanart>http://d3gtl9l2a4fn1j.cloudfront.net/t/p/original/nhHsH7qUySVTY57mxf231xO7Fga.jpg</fanart>
<imdb>8.7</imdb>
<darsteller> Humphrey Bogart, Ingrid Bergman, Paul Henreid</darsteller>
<plot>Eine Gruppe von Flüchtlingen, Abenteurern, Agenten und Vichy-Polizisten trifft während des Zweiten Weltkriegs in Rick's Bar in Casablanca aufeinander. In diesem internationalen Halbweltmilieu voller Spannungen, Intrigen, und politischer Repressionen sieht der zynische Barbesitzer unversehens seine grosse Liebe wieder, die Frau eines ungarischen Widerstandskämpfers. Die Wiederbelebung der Romanze scheitert an der Notwendigkeit, den Ehemann vor seinen Nazi-Verfolgern zu retten.</plot>
<fsk>6</fsk>
<code>tt0034583</code>
</item>
<item>
<title>Der Anschlag</title>
<link1>http://vidplay.net/tw8n6mx5xv0i</link1>
<link2>http://www.mightyupload.com/embed-4j4olaww49ts-645x353.html</link2>
<thumbnail>http://images.cinefacts.de/thumbs/DerAnschlag-Filmbild-13172.jpg</thumbnail>
<fanart>http://d3gtl9l2a4fn1j.cloudfront.net/t/p/original/arymzNCcON3rruiJcDQpACKRrKc.jpg</fanart>
<imdb>6.3</imdb>
<darsteller> Ben Affleck, Morgan Freeman, Ian Mongrain</darsteller>
<plot>Ben Affleck ist CIA-Agent Jack Ryan in diesem spannungsgeladenen Actionfilm nach einem Bestseller von Tom Clancy. Amerikas schlimmste Befürchtungen aus dem Kalten Krieg drohen wahr zu werden, als der russische Präsident stirbt und ein Mann mit dubioser Vergangenheit sein Amt übernimmt. Der CIA verdächtigt abtrünnige russische Wissenschaftler, neue Atomwaffen zu entwickeln. Die Spannungen zwischen West und Ost spitzen sich dramatisch zu. Mit einem Sonderauftrag von CIA-Chef William Cabot (Morgan Freeman) folgt Jack Ryan (Affleck) einer gefährlichen Spur bis zur schockierenden Erkenntnis: Terroristen wollen einen Krieg zwischen den U.S.A. und Russland auslösen, indem sie während einem Top-Footballspiel eine Atombombe zünden.</plot>
<fsk>12</fsk>
<code>tt0164184</code>
</item>
<item>
<title>Trade - Willkommen in Amerika</title>
<link1>http://vidplay.net/8mqhhgywttqq</link1>
<link2>http://www.mightyupload.com/embed-10hpkge7bb6w-645x353.html</link2>
<thumbnail>http://images.cinefacts.de/thumbs/Trade-WillkommeninAmerika-Filmbild-46365.jpg</thumbnail>
<fanart>http://d3gtl9l2a4fn1j.cloudfront.net/t/p/original/acRB8DUKGsXWQBjaeLqoyTpqRFQ.jpg</fanart>
<imdb>7.4</imdb>
<darsteller> Kevin Kline, Kathleen Gati, Paulina Gaitan</darsteller>
<plot>In Mexico City wird die 13jährige Adriana von einem Menschenhändlerring entführt. Ihr Bruder Jorge macht sich auf, sie zu suchen. Die entführten Opfer, die als Sexsklaven verkauft werden sollen, sind Schlägen, Drogen und Vergewaltigungen ausgesetzt, und Adriana findet in der jungen polnischen Mutter Veronica einen Halt in all ihrer Not. Währenddessen verfolgt Jorge gegen alle Hindernisse ihre Spur und findet in dem texanischen Cop Ray einen Verbündeten – der sucht seine Tochter, die vor Jahren verschwunden ist. In New Jersey kommt es zum Finale, als Adriana auf einer Internetauktion an den Meistbietenden versteigert werden soll.</plot>
<fsk>16</fsk>
<code>tt0399095</code>
</item>
<item>
<title>Der 13. Krieger</title>
<link1>http://vidplay.net/xya9c6yfaanv</link1>
<link2>http://www.mightyupload.com/embed-akrjk054x6br-645x353.html</link2>
<thumbnail>http://images.cinefacts.de/thumbs/Der13teKrieger-Cover-112051.jpg</thumbnail>
<fanart>http://d3gtl9l2a4fn1j.cloudfront.net/t/p/original/cAWjH6Oz0fb10F75vRPbRIM2q6Z.jpg</fanart>
<imdb>6.4</imdb>
<darsteller> Antonio Banderas, Diane Venora, Vladimir Kulich</darsteller>
<plot>Bagdad 922 v. Chr.: Der arabische Edelmann Ahmed Ibn Fahdlan wird wegen einer Affäre mit einer verheirateten Frau des Landes verwiesen. Auf Geheiß des Kalifen muss er fortan die unbekannten und sagenumworbenen nordischen Länder erkunden. Auf seiner Reise stößt er auf eine Gruppe barbarischer Wikinger, die sich als Söldner verdingen und vom hünenhaften Krieger Buliwyf geführt werden. Der König selbst hat diese Krieger für eine lebensgefährliche Mission auserkoren: sein Reich muss gegen übernatürliche, blutrünstige und scheinbar unbezwingbare Kreaturen verteidigt werden, die aus nebligen Mooren wie ein flammender Drache emporsteigen und alle Männer des Landes massakrieren. Das Orakel besagt, nur 13 auserwählte Krieger können die unheimlichen Horden besiegen. Buliwyf sieht in Ibn Fahdlan den vom Schicksal gesandten 13ten Krieger.</plot>
<fsk>12</fsk>
<code>tt0120657</code>
</item>
<item>
<title>Unzertrennlich</title>
<link1>http://vidplay.net/uy77726moftb</link1>
<link2>http://www.mightyupload.com/embed-ejdnjny5hotg-645x353.html</link2>
<thumbnail>http://images.cinefacts.de/thumbs/Unzertrennlich-Cover-125513.jpg</thumbnail>
<fanart>http://d3gtl9l2a4fn1j.cloudfront.net/t/p/original/dbILDp3a00flSbvrqShAvlUTSgj.jpg</fanart>
<imdb>5.8</imdb>
<darsteller> Matt Damon, Greg Kinnear, Eva Mendes</darsteller>
<plot>Das Zwillingspaar Bob und Walt Tenor (MATT DAMON und GREG KINNEAR) lässt sich von nichts und niemandem trennen – vor allem nicht, da sie an der Hüfte fest miteinander verwachsen sind. Beide können mit diesem Umstand wunderbar leben und sich ihre Existenz anders auch gar nicht vorstellen. Gemeinsam betreiben die Brüder auf der idyllischen Insel Martha’s Vineyard ein erfolgreiches Schnellimbiss-Restaurant und feiern verblüffende Erfolge in allen erdenklichen Sportarten. Ihr Leben wäre perfekt – wäre da nicht die Tatsache, dass Walt sich zu Höherem berufen fühlt: Er will in Hollywood sein Glück als Schauspieler versuchen. Da er seinem Bruder nichts abschlagen kann, willigt Bob schließlich ein. Doch als Walt in der Traumfabrik an der Seite von Cher (CHER) tatsächlich Karriere macht, wird ihre Freundschaft auf eine harte Probe gestellt...</plot>
<fsk>6</fsk>
<code>tt0338466</code>
</item>
<item>
<title>13 Eerie We prey for you  2013</title>
<link1>http://vidplay.net/xh45zk743lsy</link1>
<link2>http://www.mightyupload.com/embed-qihx8gdx44yd-645x353.html</link2>
<thumbnail>http://images.cinefacts.de/thumbs/13-Eerie_dvd_cover.jpg</thumbnail>
<fanart></fanart>
<imdb>4.5</imdb>
<darsteller> Katharine Isabelle, Michael Shanks, Brendan Fehr</darsteller>
<plot>Sechs Forensiker, darunter Megan (Katharine Isabelle) und Josh (Brendan Fletcher), kommen frisch von der Universität und nehmen alle an einem Auswahlverfahren teil, bei dem ihre Eignung für das FBI getestet wird. Unter den Augen von Ausbilder Tomkins (Michael Shanks) werden die sechs Anwärter auf einer verlassenen Insel abgesetzt. Dort sollen sie in Zweierteams auf dem Gelände eines ehemaligen Hochsicherheitsgefängnisses nachgestellte Mordschauplätze forensisch untersuchen. Nach und nach finden sie heraus, dass die Insassen der Haftanstalt zu Opfern grausamer Genexperimente wurden. Daraufhin wurde die Einrichtung geschlossen und die Gefangenen zum Sterben zurückgelassen. Doch die Mutierten sind immer noch sehr lebhaft und machen nun Jagd auf die Absolventen. Für die wiederum beginnt ein Kampf ums nackte Überleben…</plot>
<fsk>18</fsk>
<code>title</code>
</item>
<item>
<title>Kindsköpfe 2</title>
<link1>http://vidplay.net/lusxv3vxd256</link1>
<link2>http://www.mightyupload.com/embed-an4b94u8zcbg-645x353.html</link2>
<thumbnail>http://s14.directupload.net/images/131018/zijiyvmd.jpg</thumbnail>
<fanart>http://d3gtl9l2a4fn1j.cloudfront.net/t/p/original/ulj01AjEUNgKlwlf8wFN3VoSd4D.jpg</fanart>
<imdb>5.2</imdb>
<darsteller> Adam Sandler, Kevin James, Chris Rock</darsteller>
<plot>Die Freunde Lenny Feder (Adam Sandler), Eric Lamonsoff (Kevin James), Kurt McKenzie (Chris Rock) und Marcus Higgins (David Spade) treffen sich in ihrer alten Heimatstadt, die sie als Kinder verlassen hatten. Lenny und seine Frau Roxanne (Salma Hayek) leben mittlerweile sogar wieder im Ort und haben der Großstadt den Rücken gekehrt. Auch ihre einst verzogenen Kinder Keithie (Cameron Boyce), Greg (Jake Goldberg) und Becky (Alexys Nycole Sanchez) haben sich unter dem Einfluss der unaufgeregten Umgebung zu echten Naturburschen entwickelt. Doch die alten Kumpel müssen feststellen, dass das ruhige Landleben nicht nur Vorteile hat. Eine Gruppe von Teenagern unter dem Kommando des durchtrainierten Andy (Taylor Lautner) legt sich mit den erwachsenen Jungs an. Das weckt den Sportsgeist der älteren Herren, schließlich wollen sie zeigen, dass sie zur cooleren Generation gehören.</plot>
<fsk>6</fsk>
<code>title</code>
</item>
<item>
<title>Helden der Nacht</title>
<link1>http://vidplay.net/zdd0kxfgjbiq</link1>
<link2>http://www.mightyupload.com/embed-mtoulhoqsoqd-645x353.html</link2>
<thumbnail>http://images.cinefacts.de/thumbs/HeldenderNacht-Filmbild-48663.jpg</thumbnail>
<fanart>http://d3gtl9l2a4fn1j.cloudfront.net/t/p/original/syO4HCR4t3tz6TX9CbYlW9fTQX3.jpg</fanart>
<imdb>6.9</imdb>
<darsteller> Joaquin Phoenix, Mark Wahlberg, Eva Mendes</darsteller>
<plot>Zwei Brüder mit komplett unterschiedlichen Weltanschauungen, der eine wie schon sein Vater ein New Yorker Cop, angesehen, ehrgeizig, gerade zum Captain befördert, der andere Manager in einem Nachtclub, Sex, Drogen, kein Rock`n`Roll, denn es sind die späten 1980er Jahre. Bobby Green (Joaquin Phoenix) ist das schwarze Schaaf der Familie, jemand, der zwar pflichtschuldig die Feierlichkeiten zur Beförderung seines Bruders Joseph (Mark Wahlberg) besucht, dort jedoch nicht gerade willkommen ist. Schon vor Jahren hatte er den Namen seiner Mutter angenommen, Green, um sich von seinem Vater, Deputy Chief Burt Grusinsky (Robert Duvall), zu distanzieren – wenn man Menschen den Ort zur Verfügung stellt, an dem sie ausschweifende Partys feiern können, verliert man schnell an Glaubwürdigkeit, wenn man sich als Sohn des stellvertretenden Polizeichefs zu erkennen gibt. In Brooklyn betreibt Bobby die Diskothek „El Caribe“ und lebt eine leidenschaftliche Beziehung mit der Puerto Ricanerin Amada Juarez (Eva Mendes). Er führt ein Leben zwischen lauter Musik und grellem Licht, schwerem Rauch und weißem Pulver, schönen Frauen und dicken Geldbündeln, eines, das ebenso aufregend wie gefährlich ist, denn Bobbys Laden gilt als Umschlagplatz für Drogen. Als eine von seinem Bruder angeführte Polizeieinheit gegen einen Dealer ermittelt, der vom „El Caribe“ aus operiert, gerät Bobby zwischen die Fronten: auf der einen Seite seine Familie, Law and Order, auf der anderen das Leben, für das er sich entschieden hat, der Nachtclub, die Partys, und besagter Dealer, der ausgerechnet der Neffe des Clubbesitzers ist, für den Bobby arbeitet.</plot>
<fsk>16</fsk>
<code>tt0498399</code>
</item>
<item>
<title>Ich Einfach Unverbesserlich 2</title>
<link1>http://vidplay.net/m4nw6dx2e12s</link1>
<link2>http://www.mightyupload.com/embed-p38v9il3u6ld-645x353.html</link2>
<thumbnail>http://images.cinefacts.de/thumbs/Ich-Einfach-unverbesserlich-2-Poster.jpg</thumbnail>
<fanart>http://d3gtl9l2a4fn1j.cloudfront.net/t/p/original/uvP378hjOLyUrFc7M9aMsSRU8iz.jpg</fanart>
<imdb>7.7</imdb>
<darsteller> Steve Carell, Kristen Wiig, Benjamin Bratt</darsteller>
<plot>Der Superschurke Gru (Stimme: Oliver Rohrbeck) hat inzwischen mit seiner kriminellen Vergangenheit abgeschlossen und führt mit seinen drei Adoptivtöchtern Margo, Edith und Agnes ein beschauliches Leben. Außer der Organisation von Kindergeburtstagen, dem Abwimmeln unliebsamer Verehrer seiner Töchter und den Verkupplungsversuchen seiner Nachbarin hat er nicht viel zu tun. Erst als es zu einigen mysteriösen Vorfällen kommt, die auf das Konto eines neuen Superschurken gehen könnten, sieht sich Gru vor neue Aufgaben gestellt - ob er will oder nicht. Neben seinen treuen Minions steht ihm dabei auch Lucy (Martina Hill), die beste Agentin einer ultrageheimen Organisation, zur Seite. Zusammen begeben sie sich auf die Jagd nach dem ominösen Superschurken und merken bald, dass sie auch abseits der Verbrecherbekämpfung kein schlechtes Duo abgeben würden.</plot>
<fsk>0</fsk>
<code>title</code>
</item>
<item>
<title>Ghosts of War</title>
<link1>http://vidplay.net/s85az91ptbfr</link1>
<link2>http://www.mightyupload.com/embed-b6x58g0lyigt-645x353.html</link2>
<thumbnail>http://s14.directupload.net/images/131018/2etfdka2.jpg</thumbnail>
<fanart>http://d3gtl9l2a4fn1j.cloudfront.net/t/p/original/5QknEmx2M4fPXsqBiokjsJNWuNV.jpg</fanart>
<imdb>6.2</imdb>
<darsteller> Woo-seong Kam, Byung-ho Son, Tae-kyung Oh</darsteller>
<plot>In einem koreanischen Basislager gehen immer wieder Funksprüche ein, die von todgeglaubten Kameraden aus dem legendären R-Point zu stammen scheinen. Lieutenant Choi-Tae-In (Woo-seong Kam) wird von den ranghöchsten Kommandeuren mit der Rettung des Trupps beauftragt und man stellt ihm eine kleine Einheit, bestehend aus acht Soldaten, zur Seite, um die Vermissten zu finden. Als die Soldaten im Zielgebiet ankommen, machen sie eine grauenvolle Entdeckung: Der Ort, an dem sie sich befinden, ist ein Massengrab für Soldaten, die vor vielen Jahren auf grausame Weise getötet und geschändet wurden. Schon bald geschehen seltsame Dinge und die Männer fürchten um ihr Leben... Schnell wird ihnen klar, dass im R-Point etwas viel Schrecklichers als der rote Feind lauert, doch da hat das Sterben schon längst begonnen...</plot>
<fsk>16</fsk>
<code>title</code>
</item>
<item>
<title>Kick Ass 2</title>
<link1>http://vidplay.net/l7v3nrsow5bm</link1>
<link2>http://www.mightyupload.com/embed-gq26juqyobzg-645x353.html</link2>
<thumbnail>http://images.cinefacts.de/thumbs/Kick-Ass-2-Poster.jpg</thumbnail>
<fanart>http://d3gtl9l2a4fn1j.cloudfront.net/t/p/original/fGuoOLZeM4elFV8CBcPCLMc1fwj.jpg</fanart>
<imdb>6.2</imdb>
<darsteller> Aaron Taylor-Johnson, Chloë Grace Moretz</darsteller>
<plot>Für "Kick-Ass" Dave (Aaron Taylor-Johnson) und "Hit-Girl" Mindy (Chloë Grace Moretz) stehen die schulischen Abschlussprüfungen bevor und das, obwohl sie sich gerade erst zu einem erfolgreichen Superhelden-Paar zusammengeschlossen haben und mit ganz anderen Dingen beschäftigt sind als Schule und Lernen. Als sich Mindy eines Nachts nach draußen schleichen will, um wieder in die Rolle des Hit-Girl zu schlüpfen, wird sie erwischt und trifft daraufhin die Entscheidung, fortan keine Verbrechen mehr bekämpfen zu wollen. Kick-Ass muss sich auf die Suche nach neuen Partnern begeben und wird in der Amateur-Helden-Gruppierung "Justice Forever" unter der Leitung von Colonel Stars and Stripes (Jim Carrey) fündig. Nach einiger Zeit verläuft die Bekämpfung von Verbrechen auch schon recht erfolgreich. Dies ruft allerdings den auf Rache sinnenden Chris D'Amico (Christopher Mintz-Plasse) auf den Plan, der sich mittlerweile schlicht "The Motherfucker" nennt. Er gründet seine eigene Gruppierung von Verbrechern und will die Mitglieder von "Justice Forever" eins nach dem anderen zur Strecke bringen, um Rache für seinen von Kick-Ass getöteten Vater zu nehmen - und auch Hit-Girl steht auf seiner Abschussliste...</plot>
<fsk>16</fsk>
<code>title</code>
</item>
</ArrayOfitem>