<?xml version="1.0" encoding="UTF-8" standalone="yes"?>
<addon id="MENTALITY.repo" 
		name="MENTALITY Eklenti Deposu" 
		version="0.0.2" 
		provider-name="MENTALITY">
	<extension point="xbmc.addon.repository" name="MENTALITY Add-on Repository">
		<info compressed="false">http://mentality-repo.googlecode.com/svn/trunk/addons.xml</info>
		<checksum>http://mentality-repo.googlecode.com/svn/trunk/addons.xml.md5</checksum>
		<datadir zip="true">http://mentality-repo.googlecode.com/svn/trunk/</datadir>
	</extension>
	<extension point="xbmc.addon.metadata">
		<summary lang="en">Add-ons for KODI with german content!</summary>
		<summary lang="tr">MENTALITY Kurulum ve Güncelleme Deposu.</summary>
		<description lang="en">Video plug-ins and Movie info scrapers for KODI</description>
		<description lang="de">Paar deutschsprachige Addons für KODI</description>
		<disclaimer lang="de">MENTALITY's KODI plugins</disclaimer>
		<platform>all</platform>
	</extension>
</addon>
