<?xml version="1.0" encoding="utf-8"?>
<ArrayOfitem>
<item>
<title>Tränen der Sonne</title>
<link1>http://180upload.com/8mfuf7fia7g8</link1>
<link2>http://www.mightyupload.com/embed-hnj76ujdmqwm-645x353.html</link2>
<thumbnail>http://images.cinefacts.de/TrnenderSonne-Filmbild-22833.jpg</thumbnail>
<fanart>http://d3gtl9l2a4fn1j.cloudfront.net/t/p/original/xUXyhrsbOZqT3oSB6MulkqP5csV.jpg</fanart>
<imdb></imdb>
<darsteller> Bruce Willis [Lieutenant A.K. Waters] | Monica Bellucci [Dr. Lena Fiore Kendricks] | Cole Hauser [James 'Red' Atkins] | Eamonn Walker [Ellis 'Zee' Pettigrew] | Johnny Messner [Kelly Lake] | Nick Chinlund [Michael 'Slo' Slowenski] | Charles Ingram [Demetrius 'Silk' Owens] | Paul Francis [Danny 'Doc' Kelley] | Chad Smith [Jason 'Flea' Mabry] | Tom Skerritt [Captain Bill Rhodes]</darsteller>
<plot>Leutnant Waters erhält den Befehl mit einem Elitetrupp ausschließlich die amerikanische Ärztin Dr. Lena Kendricks, zwei Nonnen und einen Priester aus einem afrikanischen Bürgerkriegsgebiet zu evakuieren. Lena verweigert ihre Evakuierung, denn sie weiß das ihre Schützlinge diese Hölle nicht überleben werden. Waters belügt Lena, verspricht ihr die Rettung der Dorfbewohner und bewegt sie so zur Abreise. Doch noch während ihres Fluges entdecken sie das grauenerregende Massaker: der Moment in dem Waters begreift das seine Entscheidung falsch war.</plot>
<fsk></fsk>
<code></code>
</item>
<item>
<title>Das Tribunal</title>
<link1>http://www.mightyupload.com/embed-mqpn7iz886wi-645x353.html</link1>
<link2>http://www.mightyupload.com/embed-hnj76ujdmqwm-645x353.html</link2>
<thumbnail>http://images.cinefacts.de/DasTribunal-Filmbild-18240.jpg</thumbnail>
<fanart>http://d3gtl9l2a4fn1j.cloudfront.net/t/p/original/p5ay5m2w40QZzmRmUO19oJ4QrTk.jpg</fanart>
<imdb></imdb>
<darsteller> Bruce Willis [Col. William A. McNamara] | Colin Farrell [Lt. Thomas W. Hart] | Terrence Howard [Lt. Lincoln A. Scott] | Cole Hauser [Staff Sgt. Vic W. Bedford] | Marcel Iures [Col. Werner Visser] | Linus Roache [Capt. Peter A. Ross] | Vicellous Reon Shannon [Lt. Lamar T. Archer (als Vicellous Shannon)] | Maury Sterling [Pfc. Dennis A. Gerber] | Sam Jaeger [Capt. R.G. Sisk] | Scott Michael Campbell [Cpl. Joe S. Cromin]</darsteller>
<plot>Deutschland im Dezember 1944: Der junge Lieutenant Thomas Hart (C.Farrell) gerät in ein Kriegsgefangenenlager der Nazis. Die dort inhaftierten amerikanischen Soldaten sind den Schikanen der Aufseher und der erbarmungslosen Härte des Lagerkommandanten Werner Visser (M.Iures) ausgesetzt. Nur Colonel William McNamara (B.Willis) gelingt es, den Überlebenswillen der Männer zu stärken. Doch als zwei farbige Häftlinge ins Lager kommen, brechen rassistische Vorurteile auf: Die angespannte Stimmung entlädt sich in einem Mord.</plot>
<fsk></fsk>
<code></code>
</item>
<item>
<title>Windtalkers</title>
<link1>http://180upload.com/pm6l72kiubfd</link1>
<link2>http://www.mightyupload.com/embed-mznrinmuo993-645x353.html</link2>
<thumbnail>http://images.cinefacts.de/Windtalkers-Filmbild-14409.jpg</thumbnail>
<fanart>http://d3gtl9l2a4fn1j.cloudfront.net/t/p/original/gP9C1wmbF2CV4SZkPbVvfawRuTv.jpg</fanart>
<imdb></imdb>
<darsteller> Nicolas Cage [Sergeant Joe Enders] | Adam Beach [Private Ben Yahzee] | Peter Stormare [Gunnery Sergeant Hjelmstad] | Noah Emmerich [Private Chick] | Mark Ruffalo [Private Pappas] | Brian Van Holt [Private Harrigan] | Martin Henderson [Private Nellie] | Roger Willie [Private Charlie Whitehorse] | Frances O'Connor [Rita] | Christian Slater [Sgt. Pete 'Ox' Anderson]</darsteller>
<plot>Im Pazifikkrieg werden die Marines Joe Enders (Nicolas Cage) und „Ox“ Henderson (Christian Slater) per Geheimbefehl abgestellt, als eine Art Leibwächter für die Funker Ben Yahzee (Adam Beach) und Charlie Whitehorse (Roger Willie) zu fungieren. Die beiden Navajos beherrschen einen speziellen Code, der auf keinen Fall in die Hände der Feinde gelangen darf. Die erbitterten Kämpfe um die Insel Saipan schweißen die Männer zusammen. Und es ist nur eine Frage der Zeit, bis die beiden Beschützer der Code-Sprecher mit einer furchtbaren Frage konfrontiert werden: Würden sie wirklich bis zum Äußersten gehen, um den Code zu schützen?</plot>
<fsk></fsk>
<code></code>
</item>
<item>
<title>Black Hawk Down</title>
<link1>http://vidplay.net/vfjrw2n9ymoh</link1>
<link2>http://www.mightyupload.com/embed-cw6g9m9wbcf2-645x353.html</link2>
<thumbnail>http://images.cinefacts.de/BlackHawkDown-Filmbild-15021.jpg</thumbnail>
<fanart>http://d3gtl9l2a4fn1j.cloudfront.net/t/p/original/ysCQvbaEPFTEhg1ufY7B2G8oJmT.jpg</fanart>
<imdb></imdb>
<darsteller> Josh Hartnett [Eversmann] | Ewan McGregor [Grimes] | Tom Sizemore [McKnight] | Eric Bana [Hoot] | William Fichtner [Sanderson] | Ewen Bremner [Nelson] | Sam Shepard [Garrison] | Gabriel Casseus [Kurth] | Kim Coates [Wex] | Hugh Dancy [Schmid]</darsteller>
<plot>3. Oktober 1993: General Mohammed Farah Adid, ein mächtiger Warlord, hat sich in Somalias Hauptstadt Mogadischu verbarrikadiert. UN-Truppen werden in das Gebiet versetzt, um im Zuge einer Friedensmission hochrangige Anhänger Adids aus der Stadt zu holen. Der geplante Einsatz soll eine halbe Stunde dauern, doch die Miliz Mogadischus reagiert schnell und wehrt sich mit ungeahnten Kräften. Schnell ist klar, dass die Friedensmission zum Scheitern verurteilt ist ...</plot>
<fsk></fsk>
<code></code>
</item>
<item>
<title>Act of Valor</title>
<link1>http://180upload.com/l4949s3qtmvp</link1>
<link2>http://www.mightyupload.com/embed-7lxtarn5el3k-645x353.html</link2>
<thumbnail>http://images.cinefacts.de/ActofValor-Filmbild-89539.jpg</thumbnail>
<fanart>http://d3gtl9l2a4fn1j.cloudfront.net/t/p/original/htNeKbkSBubGrdmPPg8lFZjSUdH.jpg</fanart>
<imdb></imdb>
<darsteller> Jason Cottle [Abu Shabal] | Nestor Serrano [Walter Ross] | Ailsa Marshall [LT Rorke's Wife] | Gonzalo Menendez [Commander Pedros] | Emilio Rivera [Sanchez] | Dimiter D. Marinov [Kerimov (als Dimiter Marinov)] | Thomas Rosales Jr. [Christo's RHM] | Marc Margulies [US Ambassador] | Dan Southworth [News Reporter] | Drea Castro [Recruit]</darsteller>
<plot>Der international gesuchte Waffenhändler Christo entführt und foltert mit Hilfe seiner Privatarmee in Costa Rica die Undercover-Agentin Lisa Morales. Für ihre Rettung kommt nur eine Spezialeinheit in Frage: die Navy SEALs um den erfahrenen Haudegen Lt. Rorke. Bei der Befreiung decken die Männer eine unmittelbar bevorstehende Terrorbedrohung von unvorstellbarem Ausmaß auf. Nur mit einer hoch riskanten Geheimoperation können die Terroristen gestoppt werden. Sie führt Rorke und seine Männer mitten hinein in das Rückzugsgebiet der Terroristen - das von Drogenkartellen kontrollierte Grenzgebiet zwischen Mexiko und den USA...</plot>
<fsk></fsk>
<code></code>
</item>
<item>
<title>Wir waren Helden</title>
<link1>http://180upload.com/0lezqjlluiei</link1>
<link2>http://www.mightyupload.com/embed-r2h06dzln1l1-645x353.html</link2>
<thumbnail>http://images.cinefacts.de/WirwarenHelden-Filmbild-21346.jpg</thumbnail>
<fanart>http://d3gtl9l2a4fn1j.cloudfront.net/t/p/original/8ikyF16LecHlHkkMmuZJDV9GWa7.jpg</fanart>
<imdb></imdb>
<darsteller> Mel Gibson [Lt. Col. Hal Moore] | Madeleine Stowe [Julie Moore] | Greg Kinnear [Maj. Bruce 'Snake' Crandall] | Sam Elliott [Sgt. Maj. Basil Plumley] | Chris Klein [2nd Lt. Jack Geoghegan] | Keri Russell [Barbara Geoghegan] | Barry Pepper [Joe Galloway] | Duong Don [Lt. Col. Nguyen Huu An] | Ryan Hurst [Sgt. Ernie Savage] | Robert Bagnell [1st Lt. Charlie Hastings]</darsteller>
<plot>1965: Im amerikanischen Armeestützpunkt Fort Bening werden letzte Vorbereitungen für den ersten großen Kampfeinsatz im Norden von Vietnam getroffen. Der hoch dekorierte Lieutenant Conolel Hal Moore (Mel Gibson), ein erfahrener Weltkriegs- und Korea-Veteran, ist mit der Leitung dieser heiklen und lebensgefährlichen Mission betraut worden. Gemeinsam mit seinem engsten Vertrauten Sergeant Major Plumley (Sam Elliott) ist er abkommandiert worden, eine schlagkräftige Luft-Kavallerie zusammenzustellen und auf den Einsatz vorzubereiten. Während seine Frau Julie (Madeleine Stowe) Freundschaft mit den anderen Soldatenfrauen im Stützpunkt schließt und versucht, dort ihre Familie zu integrieren, findet Moore nach und nach vertrauenswürdige Männer für seinen inneren Zirkel. So rekrutiert er den Helikopter-Piloten Major Crandall (Greg Kinnear) als Verantwortlichen für zukünftige Luft-Einsätze und entdeckt im idealistischen Lieutenant Geoghegan (Chris Klein) einen jungen Soldaten mit Führungsqualitäten. </plot>
<fsk></fsk>
<code></code>
</item>
<item>
<title>Jarhead</title>
<link1>http://180upload.com/mqh2kqkvlloe</link1>
<link2>http://www.mightyupload.com/embed-4a8sdmhrn15x-645x353.html</link2>
<thumbnail>http://images.cinefacts.de/Jarhead-WillkommenimDreck-Filmbild-32934.jpg</thumbnail>
<fanart>http://d3gtl9l2a4fn1j.cloudfront.net/t/p/original/shg7ZGAGVxhM9ZfOtV6bp93QZwt.jpg</fanart>
<imdb></imdb>
<darsteller> Jake Gyllenhaal [Anthony Swofford] | Scott MacDonald [D.I. Fitch] | Peter Sarsgaard [Alan Troy] | Jamie Foxx [Staff Sgt. Sykes] | Ming Lo [Bored Gunny] | Lucas Black [Chris Kruger] | Kevin Foster [Branded Marine] | Brian Geraghty [Fergus O'Donnell] | Damion Poitier [Poitier] | Riad Galayini [Krankenschwester]</darsteller>
<plot>1989 meldet sich Anthony 'Swoff' Swofford (Jake Gyllenhaal) wie zuvor schon sein Vater und Großvater zu den Marines. Mit seinen Kumpels Alan (Peter Sarsgaard) und Chris (Lucas Black) kämpft er sich durch die Grundausbildung und landet schließlich in der Einheit von Sergeant Sykes (Jamie Foxx) im Rahmen der Operation Desert Shield in Kuweit, wo es nach der Vertreibung irakischer Invasoren brennende Ölfelder zu bewachen gibt. Und wenig anderes.</plot>
<fsk></fsk>
<code></code>
</item>
<item>
<title>Tödliches Kommando - The Hurt Locker</title>
<link1>http://vidplay.net/jrgn4qif3ie6</link1>
<link2>http://www.mightyupload.com/embed-d5ove6b4vl5b-645x353.html</link2>
<thumbnail>http://images.cinefacts.de/TdlichesKommando-TheHurtLocker-Filmbild-56598.jpg</thumbnail>
<fanart>http://d3gtl9l2a4fn1j.cloudfront.net/t/p/original/3iPnZOXR9mpcK8RwvAW7b7Axr8v.jpg</fanart>
<imdb></imdb>
<darsteller> Jeremy Renner [Sergeant First Class William James] | Anthony Mackie [Sergeant JT Sanborn] | Brian Geraghty [Specialist Owen Eldridge] | Guy Pearce [Staff Sergeant Matt Thompson] | Ralph Fiennes [Contractor Team Leader] | David Morse [Colonel Reed] | Evangeline Lilly [Connie James] | Christian Camargo [Colonel John Cambridge] | Suhail Aldabbach [Black Suit Man (als Suhail Al-Dabbach)] | Christopher Sayegh [Beckham]</darsteller>
<plot>Als der Teamleader ihres Bombenräumkommandos bei einem Einsatz stirbt, bekommen die Soldaten Sanborn und Eldridge einen neuen Vorgesetzten zugewiesen. Dieser erweist sich jedoch als äußerst draufgängerisch, was den beiden gar nicht gefällt, da sie nur noch 40 Tage haben, bis sie aus dem Irak abkommandiert werden. Ihre Aufträge werden zunehmend nervenaufreibender und gefährlicher und der neue Teamleader geht jedesmal noch größere Risiken ein, mit denen er sich und seine Leute in Gefahr bringt...</plot>
<fsk></fsk>
<code></code>
</item>
<item>
<title>Green Zone</title>
<link1>http://vidplay.net/4bgs6cc5s0in</link1>
<link2>http://www.mightyupload.com/embed-aa05zhjuzf2u-645x353.html</link2>
<thumbnail>http://images.cinefacts.de/GreenZone-Filmbild-58400.jpg</thumbnail>
<fanart>http://d3gtl9l2a4fn1j.cloudfront.net/t/p/original/b4w0iWfh85oDXCPZ97oVkBt6AB3.jpg</fanart>
<imdb></imdb>
<darsteller> Yigal Naor [Al Rawi (als Igal Naor)] | Said Faraj [Seyyed Hamza] | Faycal Attougui [Al Rawi Bodyguard (als Faical Attougui)] | Aymen Hamdouchi [Ayad Hamza] | Matt Damon [Miller] | Nicoye Banks [Perry] | Jerry Della Salla [Wilkins] | Sean Huze [Conway] | Michael J. Dwyer [MET D (als Michael Dwyer)] | Edouard H.R. Gluck [MET D]</darsteller>
<plot>US-Armee-Offizier Roy Miller (Matt Damon) und sein Team sind kurz nach der Eroberung Bagdads 2003 in den besetzten Gebieten im Einsatz. Um einer gefährlichen Spur zu folgen, müssen sie die Sicherheit der so genannten „Green Zone" weit hinter sich lassen. Doch der Einsatz läuft nicht wie geplant und bald kommen Zweifel auf, die das eigentliche Ziel in Frage stellen. Gemeinsam mit der Washington-Post-Korrespondentin Lawrie Dayne (Amy Ryan) deckt Miller eine gefährliche und raffinierte Verschwörung in den eigenen Reihen auf. Er wird zum Gejagten und inmitten eines brutalen Sperrfeuers beginnt ein packender Kampf um die Wahrheit und ums Überleben.</plot>
<fsk></fsk>
<code></code>
</item>
<item>
<title>Heroes Of War - Assembly</title>
<link1>http://180upload.com/75vvkol4umbz</link1>
<link2>http://www.mightyupload.com/embed-nuqjkt3nane8-645x353.html</link2>
<thumbnail>http://images.cinefacts.de/HeroesOfWarAssembly-Cover-219205.jpg</thumbnail>
<fanart>http://d3gtl9l2a4fn1j.cloudfront.net/t/p/original/rmiSm5OUy2ciPvNEHnRcUERGZBb.jpg</fanart>
<imdb></imdb>
<darsteller> Hanyu Zhang [Gu Zidi] | Chao Deng [Zhao Erdou] | Wenkang Yuan [Wang Jincun] | Yan Tang [Sun Guiqin] | Fan Liao [Jiao Dapeng] | Baoqiang Wang [Jiang Maocai] | Jun Hu [Liu Zeshui] | Quan Ren [Political Officer] | Ming Hu [Liangel] | Naiwen Li [Lu Kuangou]</darsteller>
<plot>1948 in Nordchina. Die 9. Kompanie des 139. Regiments unter dem Kommando von Hauptmann Gu Zidi ist bereits stark dezimiert. Trotzdem erhält der Hauptmann den Auftrag, eine Miene vor den Kuomintang-Truppen zu beschützen. Er darf auf keinen Fall die Truppen zurückziehen, ehe nicht ein vorher verabredetes Signalhorn zu hören ist. Die Kämpfe dauern an, doch der Ton ist nicht zu hören. Es kommt zu einem furchtbaren Gemetzel...</plot>
<fsk></fsk>
<code></code>
</item>
<item>
<title>Das Boot</title>
<link1>http://180upload.com/wc7h12o0y9k1</link1>
<link2>http://www.mightyupload.com/embed-wpeunqivfrk4-645x353.html</link2>
<thumbnail>http://images.cinefacts.de/DasBoot-Filmbild-17015.jpg</thumbnail>
<fanart>http://d3gtl9l2a4fn1j.cloudfront.net/t/p/original/AdTbXUARl28m0mBI9mtn7j3TjsX.jpg</fanart>
<imdb></imdb>
<darsteller> Jürgen Prochnow [Capt.-Lt. Henrich Lehmann-Willenbrock - Der Alte] | Herbert Grönemeyer [Lt. Werner - Korrespondent] | Klaus Wennemann [Chief Engineer Fritz Grade - Der Leitende-Der LI] | Hubertus Bengsch [1st Lieutenant - Number One-1WO] | Martin Semmelrogge [2nd Lieutenant - 2WO] | Bernd Tauber [Kriechbaum - Chief Quartermaster-Navigator] | Erwin Leder [Johann] | Martin May [Ullman] | Heinz Hoenig [Hinrich (als Heinz Hönig)] | Uwe Ochsenknecht [Chief Bosun]</darsteller>
<plot>"Das Boot" erzählt die Geschichte einer deutschen U-Boot Besatzung während einer Feindfahrt im 2. Weltkrieg. Wochen klaustrophobischer Enge auf dem Boot in endlos scheinender Routine werden unterbrochen von dem Angriff auf einen alliierten Konvoi, den Angriffen britischer Zerstörer und Flugzeuge auf das Boot und schweren Stürmen im Atlantik. Die Mannschaft hat letztlich nur einen Wunsch: den Heimathafen lebend zu erreichen.</plot>
<fsk></fsk>
<code></code>
</item>
<item>
<title>Der Soldat James Ryan</title>
<link1>http://180upload.com/m47i3njenmbz</link1>
<link2>http://www.mightyupload.com/embed-6am5aj47sin4-645x353.html</link2>
<thumbnail>http://images.cinefacts.de/DerSoldatJamesRyan-Filmbild-13201.jpg</thumbnail>
<fanart>http://d3gtl9l2a4fn1j.cloudfront.net/t/p/original/rEVsmmWp8RCq3yp6VNQx4xcLtrL.jpg</fanart>
<imdb></imdb>
<darsteller> Tom Hanks [Captain Miller] | Tom Sizemore [Sergeant Horvath] | Edward Burns [Private Reiben] | Barry Pepper [Private Jackson] | Adam Goldberg [Private Mellish] | Vin Diesel [Private Caparzo] | Giovanni Ribisi [T / 4 Medic Wade] | Jeremy Davies [Corporal Upham] | Matt Damon [Private Ryan] | Ted Danson [Captain Hamill]</darsteller>
<plot>Nachdem bei der Invasion der Alliierten in der Normandie am 6. Juni 1944 zwei von vier Brüdern, die in der US Army dienen, ums Leben kommen, und der dritte bereits eine Woche vorher im Kampf gegen die Japaner gefallen war, entscheidet der Generalstab, den vierten Bruder, James Francis Ryan, nach Hause zu seiner Mutter zu schicken, um deren Leid zu lindern.</plot>
<fsk></fsk>
<code></code>
</item>
<item>
<title>Die Brücke am Kwai</title>
<link1>http://180upload.com/6s6fb77ywfjh</link1>
<link2>http://www.mightyupload.com/embed-r1xeprww4u4f-645x353.html</link2>
<thumbnail>http://images.cinefacts.de/DieBrckeamKwai-Cover-199074.jpg</thumbnail>
<fanart>http://d3gtl9l2a4fn1j.cloudfront.net/t/p/original/zt0iYqy0xNEnTu0RX2MfLSo2nz1.jpg</fanart>
<imdb></imdb>
<darsteller> William Holden [Shears] | Alec Guinness [Colonel Nicholson] | Jack Hawkins [Major Warden] | Sessue Hayakawa [Colonel Saito] | James Donald [Major Clipton] | Geoffrey Horne [Lieutenant Joyce] | André Morell [Colonel Green (als Andre Morell)] | Peter Williams [Captain Reeves] | John Boxer [Major Hughes] | Percy Herbert [Grogan]</darsteller>
<plot>Dieser Film porträtiert eine Gruppe britischer Inhaftierter eines japanischen Kriegsgefangenenlagers in Thailand, die gezwungen werden, eine hölzerne Eisenbahnbrücke über den Kwai zu errichten. Der Kommandeur des gefangen genommenen Bataillons, der britische Offizier Nicholson, widersetzt sich anfangs dem Befehl, dass auch die Offiziere mitarbeiten müssen. Er beruft sich auf die zweite Genfer Konvention von 1929, die Japan allerdings nicht unterschrieben hatte.</plot>
<fsk></fsk>
<code></code>
</item>
<item>
<title>Guerrilla War - Gefangen in der Hölle</title>
<link1>http://180upload.com/5lzgxq034c3n</link1>
<link2>http://www.mightyupload.com/embed-ka1v84gsiw9g-645x353.html</link2>
<thumbnail>http://images.cinefacts.de/GuerrillaWarGefangeninderHlle-Cover-200046.jpg</thumbnail>
<fanart></fanart>
<imdb></imdb>
<darsteller> Carlos Duplat [General Toledano] | Montserrat Espadalé [Carola] | Álvaro García [El Gringo] | Mónica Gómez [Mayra] | Guillermo Iván [Lagarto] | Ana María Kámper [Mamá de Eduardo] | Antonio Merlano [Eduardo] | Hernán Méndez [Chino Medina] | Jenifer Nava [] | Germán Quintero [Don Eduardo]</darsteller>
<plot>Basierend auf einem wahren Entführungsfall! In Kolumbien herrscht seit Jahren blutiger Ausnahmezustand: Das Militär kämpft unerbittlich gegen Guerillagruppen und rechte Paramilitärs. Diese Gruppen entführen jeden, der etwas zu verlieren hat, um mit dem Lösegeld den andauernden Kampf zu finanzieren. In bester Oliver Stone-Manier hält Regisseur Rafa Lara solch eine Entführung in packenden Bildern fest. Dabei schafft er es gekonnt, die Intensität und die atemlose Spannung von Filmen wie „Man on Fire“ und „Lebenszeichen“ zu erreichen! Eduardo, Sohn eines einflussreichen Geschäftsmanns, wird gewaltsam auf einer Reise mit seinem Freund von Guerillas entführt. Die ständigen Lagerwechsel im Dschungel Kolumbiens, die kräftezehrende Ungewissheit und nicht zuletzt die Einsamkeit bringen ihn an den Rand des Wahnsinns. Die Gefahr lauert überall, sei es der unbarmherzige Dschungel, feindliche Paramilitärs oder die Guerillas selbst, die nicht mehr auf das Lösegeld warten können und wollen. Während seine Eltern fieberhaft mit den Entführern verhandeln und verzweifelt auch eine gewaltsame Befreiung in Betracht ziehen, kann jeder anbrechende Tag Eduardos letzter sein…</plot>
<fsk></fsk>
<code></code>
</item>
<item>
<title>Stalingrad</title>
<link1>http://180upload.com/hge5q1um8lb1</link1>
<link2>http://www.mightyupload.com/embed-ahnhhzqw0zcb-645x353.html</link2>
<thumbnail>http://3.bp.blogspot.com/-D41GaZN6nA4/T1zdhuxml2I/AAAAAAAACEc/Y4eP27x08t0/s1600/stalingrad-movie.jpg</thumbnail>
<fanart>http://d3gtl9l2a4fn1j.cloudfront.net/t/p/original/2nsWCEjGgE99Ip87CzjofiTnQKO.jpg</fanart>
<imdb></imdb>
<darsteller> Dominique Horwitz [Obergefreiter Fritz Reiser] | Thomas Kretschmann [Lt. Hans von Witzland] | Jochen Nickel [Unteroffizier Manfred Rohleder] | Sebastian Rudolph [GeGe Müller] | Dana Vávrová [Irina] | Martin Benrath [Gen. Hentz] | Sylvester Groth [Otto] | Karel Hermánek [Capt. Hermann Musk] | Heinz Emigholz [Edgar Emigholz] | Ferdinand Schuster [Double Edgar]</darsteller>
<plot>Im Winter 1942 rüstet sich Deutschlands - weit in die Sowjetunion vorgedrungene - Armee zum Sturm auf Stalingrad. Doch während Hitler bereits vom Fall der Stadt schwärmt, wird seine 6. Armee von der Roten Armee zur Kapitulation gezwungen. Regisseur Josef Vilsmaier ist ein authentisches und gleichzeitig erschütterndes wie abstoßendes Filmdokument gelungen, das den Krieg und dieses dunkle Kapitel deutscher Geschichte kompromißlos entlarvt, anklagt und durch Einzelschicksale nachvollziehbar macht.</plot>
<fsk></fsk>
<code></code>
</item>
<item>
<title>Prisoners of War</title>
<link1>http://180upload.com/iqpwacrc0pwq</link1>
<link2>http://www.mightyupload.com/embed-ps33391t82km-645x353.html</link2>
<thumbnail>http://images.cinefacts.de/PrisonersofWar-Cover-218864.jpg</thumbnail>
<fanart></fanart>
<imdb></imdb>
<darsteller> Dong-gun Jang [Jun-shik Kim] | Jô Odagiri [Tatsuo Hasegawa] | Bingbing Fan [Shirai] | In-kwon Kim [Lee Jong-dae] | Seung-hyeon Han [] | Jin-seok Yang [] | Ji-han Do [] | Hee-won Kim [] | Yeon-hee Lee [] | Ji-woong Wi []</darsteller>
<plot></plot>
<fsk></fsk>
<code></code>
</item>
<item>
<title>A Midnight Clear Spezialeinheit IQ</title>
<link1>http://180upload.com/41vhgttm881a</link1>
<link2>http://www.mightyupload.com/embed-ps33391t82km-645x353.html</link2>
<thumbnail>http://images.cinefacts.de/SpezialeinheitIQ-Cover-219494.jpg</thumbnail>
<fanart>http://d3gtl9l2a4fn1j.cloudfront.net/t/p/original/OzCUYBrQ4XqMZlfXUa6i11pju3.jpg</fanart>
<imdb></imdb>
<darsteller> Peter Berg [Bud Miller] | Kevin Dillon [Cpl. Mel Avakian] | Arye Gross [Stan Shutzer] | Ethan Hawke [Sgt. Will Knott] | Gary Sinise [Vance 'Mother' Wilkins] | Frank Whaley [Paul 'Father' Mundy] | John C. McGinley [Major Griffin] | Larry Joshua [Lieutenant Ware] | David Jensen [Sergeant Hunt] | Curt Lowens [Older German Soldier]</darsteller>
<plot>Ardennen, Dezember 1944. In einem Waldstück kommt es zur Konfrontation zwischen einem amerikanischen Spähtrupp (u. a. Ethan Hawke) und der deutschen Wehrmacht. Das bedrohliche Aufeinandertreffen nimmt eine unerwartere Wendung: Die Deutschen werfen mit Schneebällen und wollen mit ihren Widersachern gemeinsam Weihnachten feiern. - Jahre vor Merry Christmas gedreht: das einfühlsame Kriegsdrama in karger Schneelandschaft</plot>
<fsk></fsk>
<code></code>
</item>
<item>
<title>Saints and Soldiers II - Airborne Creed</title>
<link1>http://www.mightyupload.com/embed-9k7gbinhkyb2-645x353.html</link1>
<link2>http://www.mightyupload.com/embed-ps33391t82km-645x353.html</link2>
<thumbnail>http://img3.picload.org/image/agpwpir/89iw3x56.jpg</thumbnail>
<fanart>http://d3gtl9l2a4fn1j.cloudfront.net/t/p/original/6ygdbPEpIIg0qO9m9yWxbnUEDxg.jpg</fanart>
<imdb></imdb>
<darsteller> Corbin Allred [Rossi] | David Nibley [Jones] | Jasen Wade [Curtis] | Lincoln Hoppe [Erich Neumann] | Nichelle Aiden [Charlotte] | Virginie Fourtina Anderson [Emilie] | Loic Anthian [Phillipe] | Perry Atkins [German Guard #2] | Randy Beard [German Patrol Leader] | Ivan R. Bird [Jean - French Partisan #2]</darsteller>
<plot>Am 15. August 1944 beginnen die Amerikaner mit einer Invasion gegen die Nationalsozialisten in der Provence, Frankreich. Die Operation soll die bereits zwei Monate zuvor in der Normandie gelandeten Truppen auf ihrem Marsch nach Berlin unterstützen. Drei Männer der 517th Parachute Regimental Combat Team (PRCT) verfehlen das Ziel des nächtlichen Absprungs. Die drei Soldaten Rossi (Corbin Allred), Curtis (Jasen Wade) und Jones (David Nibley) sollten sich eigentlich in der Ortschaft Les Arcs mit ihren anderen Kameraden treffen. Auf ihrem Weg dorthin begegnen sie nun allerdings französischen Widerstandskämpfern, welche die US-Soldaten um Hilfe bitten. Zusammen mit den Franzosen organisieren sie einen Hinterhalt gegen eine deutsche Panzereinheit und riskieren ihr Leben</plot>
<fsk></fsk>
<code></code>
</item>
<item>
<title>Tödlicher Verrat</title>
<link1>http://180upload.com/ns16lm9z28fz</link1>
<link2>http://www.mightyupload.com/embed-y8o8vdg26ua3-645x353.html</link2>
<thumbnail>http://media.buch.de/img-adb/33857250-00-00/toedlicher_verrat.jpg</thumbnail>
<fanart>http://d3gtl9l2a4fn1j.cloudfront.net/t/p/original/lpzed5FbvBIam5QpHvNVN1a4JHN.jpg</fanart>
<imdb>5.6</imdb>
<darsteller> Juan Diego Botto [Arturo Andrade] | Carmelo Gómez [Sargento Espinosa] | Francesc Orella [Zarauza] | Víctor Clavijo [Sargento Estrada] | Andrés Gertrúdix [Guerrita] | Adolfo Fernández [Navajas] | Jordi Aguilar [Cabo Aparicio] | Alex Spijksma [Hungarian Soldier] | Rafa Castejón []</darsteller>
<plot></plot>
<fsk></fsk>
<code></code>
</item>
<item>
<title>Inglourious Basterds</title>
<link1>http://180upload.com/avlp0yzy1v6z</link1>
<link2>http://www.mightyupload.com/embed-9o0cn0rctv3x-645x353.html</link2>
<thumbnail>http://www.moviemaze.de/filme/2912/poster_lg01.jpg</thumbnail>
<fanart>http://d3gtl9l2a4fn1j.cloudfront.net/t/p/original/bk0GylJLneaSbpQZXpgTwleYigq.jpg</fanart>
<imdb>8.3</imdb>
<darsteller> Brad Pitt [Lt. Aldo Raine] | Mélanie Laurent [Shosanna] | Christoph Waltz [Col. Hans Landa] | Eli Roth [Sgt. Donny Donowitz] | Michael Fassbender [Lt. Archie Hicox] | Diane Kruger [Bridget von Hammersmark] | Daniel Brühl [Fredrick Zoller] | Til Schweiger [Sgt. Hugo Stiglitz] | Gedeon Burkhard [Cpl. Wilhelm Wicki] | Jacky Ido [Marcel]</darsteller>
<plot>Frankreich im Zweiten Weltkrieg: Während der deutschen Besatzung wird die Familie von Shosanna Dreyfus vor ihren Augen von Nazi-Oberst Hans Landa ermordet. Sie kann entkommen und flieht nach Paris. In Frankreich stellt Leutnant Aldo Raine eine Söldnertruppe aus jüdischen Soldaten zusammen, genannt "Die Bastards". Deren Ziel ist es, Nazis aufzuspüren und grausam zu ermorden. Ihr Weg führt sie nach Paris, wo sie auf Shosanna treffen, die inzwischen ein Kino betreibt und immer noch auf Rache sinnt.</plot>
<fsk></fsk>
<code></code>
</item>
<item>
<title>Kingdom of Dust Uncut</title>
<link1>http://180upload.com/w5yvz1v7frft</link1>
<link2>http://www.mightyupload.com/embed-r5mtdv9gqrtv-645x353.html</link2>
<thumbnail>http://i.imagebanana.com/img/ju9b732c/KingdomofDust.jpg</thumbnail>
<fanart></fanart>
<imdb></imdb>
<darsteller> Elyes Gabel [Ahmed] | Stephen Hogan [Adam] | Alyy Khan [Dakheel] | Dhaffer L'Abidine [Shakir] | Christopher Simon [Fras]</darsteller>
<plot>Adam, ein ziviler Angestellter einer amerikanischen Firma im Irak, erwacht aus tiefer Betäubung in einer schmucklosen dunklen Kellerzelle. Zornige Iraker sitzen ihm gegenüber, beschimpfen ihn in fremder Sprache, drohen ihm mit eindeutigen Gesten. Adam beginnt zu ahnen, was auf ihn zukommt. Tatsächlich planen die Entführer seine Hinrichtung für ein Propagandavideo, gaukeln ihm auch gar nichts anderes vor. Der verzweifelte Andrew fleht und hofft, versucht, seine Mörder zu beschwatzen, erwägt einen Ausbruchsversuch.</plot>
<fsk>16</fsk>
<code></code>
</item>
<item>
<title>Afghanistan War - Festung Des Todes</title>
<link1>http://vidplay.net/b4xpdrm039x7</link1>
<link2>http://180upload.com/7js12qzxja7w</link2>
<thumbnail>http://i.imagebanana.com/img/14z7anlw/KandaharBreak.jpg</thumbnail>
<fanart></fanart>
<imdb>4.9</imdb>
<darsteller> Shaun Dooley [Richard Lee] | Dean Andrews [Steve Delamore] | Rasheed Naz [Ashiq Khan] | Tatmain Ul Qulb [Jamilah] | Hameed Sheikh [Omar Baloch] | Hidayat Saleem [Hameed] | Shista Khan [Ziaullah] | Mariya Tahir Khan [Aysha]</darsteller>
<plot>Im Jahr 1999 reist der Brite Richard Lee nach Afghanistan, um in Diensten einer von der Taliban-Regierung beauftragten Privatfirma in der Provinz Kandahar Landminen aufzuspüren und zu entschärfen. Seit Richards letztem Besuch in der Gegend hat sich einiges geändert, und die Sitten sind nicht eben lockerer geworden. Das könnte nun zum ernsten Problem werden, denn Richard hat ein Verhältnis mit seiner afghanischen Dolmetscherin und nicht die Absicht, dieses wegen ein paar Bartträgern vorübergehend auszusetzen.</plot>
<fsk>16</fsk>
<code></code>
</item>
<item>
<title>Company of Heroes 2013</title>
<link1>http://180upload.com/kid0qcnzne3g</link1>
<link2>http://www.mightyupload.com/embed-9nwn50avzeux-645x353.html</link2>
<thumbnail>http://images.cinefacts.de/thumbs/Company-of-Heroes_dvd_cover.jpg</thumbnail>
<fanart>http://d3gtl9l2a4fn1j.cloudfront.net/t/p/original/yXHqInRL2CHIYlhxF7PA38PHEhl.jpg</fanart>
<imdb></imdb>
<darsteller> Tom Sizemore [Dean Ranson] | Chad Michael Collins [Nate] | Vinnie Jones [Brent Willoughby] | Dimitri Diatchenko [Ivan Puzharski] | Neal McDonough [Lt. Joe Conti] | Jürgen Prochnow [Luca Gruenewald] | Melia Kreiling [Kestrel] | Richard Sammel [Beimier] |</darsteller>
<plot></plot>
<fsk></fsk>
<code></code>
</item>
<item>
<title>Female Agents</title>
<link1>http://180upload.com/7f28gtlobwoy</link1>
<link2>http://www.mightyupload.com/embed-sumkaelbxjj8-645x353.html</link2>
<thumbnail>http://images.cinefacts.de/thumbs/FemaleAgents-Cover-179917.jpg</thumbnail>
<fanart>http://d3gtl9l2a4fn1j.cloudfront.net/t/p/original/35Q7883uUwOK3thFtgTsReT9BB4.jpg</fanart>
<imdb></imdb>
<darsteller> Sophie Marceau [Louise Desfontaines] | Julie Depardieu [Jeanne Faussier] | Marie Gillain [Suzy Desprez] | Déborah François [Gaëlle Lemenech] | Moritz Bleibtreu [Karl Heindrich] | Maya Sansa [Maria Luzzato] | Julien Boisselier [Pierre Desfontaines] | Vincent Rottiers [Eddy] | Volker Bruch [Lieutenant Becker] | [url=/name/nm0719914/" onclick="(new Image()).src='/rg/castlist/position-10/images/b.gif?link=/name/nm0719914/';]Robin Renucci [Melchior]</darsteller>
<plot></plot>
<fsk></fsk>
<code></code>
</item>
<item>
<title>Full Metal Jacket</title>
<link1>http://180upload.com/olnh2swyy4u9</link1>
<link2>http://www.mightyupload.com/embed-kxzfuznrki38-645x353.html</link2>
<thumbnail>http://www.moviemaze.de/filme/1892/poster01.jpg</thumbnail>
<fanart>http://d3gtl9l2a4fn1j.cloudfront.net/t/p/original/cVkTGLthpromkyzyCFLvvLPZxFM.jpg</fanart>
<imdb>8.4</imdb>
<darsteller> Matthew Modine [Pvt. J.T. 'Joker' Davis] | Adam Baldwin [Animal Mother] | Vincent D'Onofrio [Pvt. Leonard 'Gomer Pyle' Lawrence] | R. Lee Ermey [Gny. Sgt. Hartman (as Lee Ermey)] | Dorian Harewood [Eightball] | Kevyn Major Howard [Rafterman] | Arliss Howard [Pvt. Cowboy] | Ed O'Ross [Lt. Touchdown] | John Terry [Lt. Lockhart] | Kieron Jecchinis [Crazy Earl]</darsteller>
<plot>Der junge Private Joker wird bei den Marines auf den Vietnam-Krieg vorbereitet. In dem Militärcamp auf Parris Island in South Carolina herrschen raue Sitten. Kahl geschoren und entindividualisiert müssen sich die jungen Männer von ihrem sadistischen Ausbilder Hartman beleidigen und schikanieren lassen. Besonders der körperlich wie geistig schwerfällige Private Gomer “Paula” Pyle hat unter Hartmans Demütigungen zu leiden. Während er bei jedem Konditionstrainingversagt, leckt er bei den Schießübungen im wahrsten Sinne des Wortes Blut. Als er sein neu entdecktes “Talent” einsetzt, kündigt sich bereits das Grauen an, das die Soldaten bald am eigenen Leib erfahren werden. Kurz nach ihrer Ankunft im vietnamesischen Hué werden die Marines von der berüchtigten “Tet-Offensive” des Vietcong überrascht. In der einst so prunkvollen Stadt, die nun in Trümmern liegt, liefern sich Joker und seine Kameraden, darunter Animal Mother, Feldfotograf Rafterman und Kompanieführer Cowboy eine blutige Schlacht mit den Vietnamesen. Als ein unsichtbarer Scharfschütze zuschlägt, machen die Soldaten eine grausame Erfahrung.</plot>
<fsk>16</fsk>
<code></code>
</item>
<item>
<title>Der Agent Zwischen Gut und Böse</title>
<link1>http://vidplay.net/sfn1uv4va45f</link1>
<link2>http://www.mightyupload.com/embed-xd2yflzeee4s-645x353.html</link2>
<thumbnail>http://s7.directupload.net/images/130528/rprmtlun.jpg</thumbnail>
<fanart></fanart>
<imdb></imdb>
<darsteller> Richard Boon [Himself] | Anton Corbijn [Himself] | Kevin Cummins [Himself] | Ian Curtis [Himself (archive footage)] | Bob Dickinson [Himself] | Lesley Gilbert [Herself] | Iain Gray [Himself] | Rob Gretton [Himself (archive footage)] | Martin Hannett [Himself (archive footage)] | Alan Hempsall [Himself - Crispy Ambulance Singer]</darsteller>
<plot></plot>
<fsk></fsk>
<code></code>
</item>
<item>
<title>Tigerland</title>
<link1>http://vidplay.net/dlppu0qtkul5</link1>
<link2>http://www.mightyupload.com/embed-p6bcsio92s0s-645x353.html</link2>
<thumbnail>http://s7.directupload.net/images/130629/oijw2svc.jpg</thumbnail>
<fanart>http://d3gtl9l2a4fn1j.cloudfront.net/t/p/original/cecr4GhWesqbDlASfd6zB2ytVK5.jpg</fanart>
<imdb></imdb>
<darsteller> Colin Farrell [Pvt. Roland Bozz] | Matthew Davis [Pvt. Jim Paxton] | Clifton Collins Jr. [Pvt. Miter] | Tom Guiry [Pvt. Cantwell (as Thomas Guiry)] | Shea Whigham [Pvt. Wilson] | Russell Richardson [Pvt. Johnson] | Nick Searcy [Capt. Saunders] | Afemo Omilami [SFC Ezra Landers] | James MacDonald [Staff Sgt. Thomas (as James McDonald)] | Keith Ewell [Sgt. Oakes]</darsteller>
<plot></plot>
<fsk></fsk>
<code></code>
</item>
<item>
<title>Pearl Harbor</title>
<link1>http://vidplay.net/nifn9xdlrv39</link1>
<link2>http://www.mightyupload.com/embed-4ooo297o0xam-645x353.html</link2>
<thumbnail>http://images.cinefacts.de/thumbs/PearlHarbor-Filmbild-18632.jpg</thumbnail>
<fanart>http://d3gtl9l2a4fn1j.cloudfront.net/t/p/original/cDctk61tUeQz4LX7tTFPknI28ea.jpg</fanart>
<imdb>5.8</imdb>
<darsteller> Ben Affleck [Capt. Rafe McCawley] | Josh Hartnett [Capt. Danny Walker] | Kate Beckinsale [Nurse Lt. Evelyn Johnson] | William Lee Scott [Lt. Billy Thompson] | Greg Zola [Lt. Anthony Fusco] | Ewen Bremner [Lt. Red Winkle] | Alec Baldwin [Lt. Col. James Doolittle] | Jaime King [Nurse Betty Bayer (as James King)] | Catherine Kellner [Nurse Barbara] | Jennifer Garner [Nurse Sandra]</darsteller>
<plot>New Jersey 1941. Rafe McCawley (BEN AFFLECK) und Danny Walker (JOSH HARTNETT) sind von Kindheitstagen an die besten Freunde. Wie Brüder zusammen aufgewachsen, war schon immer das Fliegen ihre große gemeinsame Leidenschaft. Inzwischen sind sie waghalsige junge Piloten im U.S. Army Air Corps, als eine eigenmächtige Entscheidung Rafes ihre Freundschaft auf die Probe stellt. Rafe hat sich als Freiwilliger zum "Eagle Squadron" gemeldet, einer Gruppe amerikanischer Soldaten, die auf Seiten der Engländer kämpft. Rafe lässt nicht nur seinen besten Freund zurück, sondern auch seine große Liebe Evelyn (KATE BECKINSALE), eine hübsche, mutige junge Frau, die er im Militärkrankenhaus kennenlernte, wo sie Krankenschwester ist. Während Rafe in England sein Leben aufs Spiel setzt, werden Evelyn und Danny nach Pearl Harbor auf Hawaii versetzt. Das paradiesische Leben dort hat ein jähes Ende, als im Pazifik die Nachricht eintrifft, Rafe sei im Krieg gefallen. Monatelang können Danny und Evelyn ihren Kummer über den Tod des geliebten Freundes kaum verwinden. Über den gegenseitigen Trost kommen sich die beiden näher und verlieben sich schließlich ineinander. Doch Rafe ist nicht tot – er steht plötzlich vor Evelyn. Doch ehe sich Gelegenheit bietet, einen Ausweg aus der Situation zu finden, wird ihr privates Schicksal durch den Angriff Japans auf die in Pearl Harbor stationierten Streitkräfte der USA in den Hintergrund gedrängt: Für die beiden Freunde geht es nicht mehr nur um die Liebe ihres Lebens, sondern um Leben und Tod...</plot>
<fsk>12</fsk>
<code></code>
</item>
<item>
<title>Colditz - Flucht in die Freiheit</title>
<link1>http://vidplay.net/o0y12pam45lg</link1>
<link2>http://www.mightyupload.com/embed-gffbxeo3vp0t-645x353.html</link2>
<thumbnail>http://images.cinefacts.de/thumbs/ColditzFluchtindieFreiheit-Cover-191020.jpg</thumbnail>
<fanart>http://d3gtl9l2a4fn1j.cloudfront.net/t/p/original/rCX0hK4GuzxB6W8wtVqAhdCKwsC.jpg</fanart>
<imdb></imdb>
<darsteller> Damian Lewis [Nicholas McGrade] | Sophia Myles [Lizzie Carter] | Tom Hardy [Jack] | Laurence Fox [Willis] | James Fox [Lt. Colonel Fordham] | Timothy West [Bunny Warren] | Jason Priestley [Rhett Barker] | Guy Henry [Sawyer] | Robert Whitelock [Venning] | Scott Handy [Mullan]</darsteller>
<plot></plot>
<fsk></fsk>
<code></code>
</item>
<item>
<title>Helden von Hill 60</title>
<link1>http://vidplay.net/5h5uctppe39i</link1>
<link2>http://www.mightyupload.com/embed-hqfh1ccw52mp-645x353.html</link2>
<thumbnail>http://images.cinefacts.de/thumbs/HeldenvonHill60-Cover-199989.jpg</thumbnail>
<fanart>http://d3gtl9l2a4fn1j.cloudfront.net/t/p/original/4lFWmHk08ol0TwTX8mAc7sxmVt4.jpg</fanart>
<imdb>6.9</imdb>
<darsteller>Brendan Cowell, Harrison Gilbertson, Steve Le Marquand</darsteller>
<plot>Der grauenvolle Kampf an der Westfront spielt sich im 1. Weltkrieg nicht nur auf den Schlachtfeldern ab, sondern auch darunter. Mineure wühlen sich in die Erde, bauen kilometerlange Gänge, die sie verminen, um den Feind von unten zu überraschen und zu töten. Deutsche und Alliierte liefern sich ein lautloses Gefecht, denn jedes Geräusch kann dem Gegner verraten, wo man sich durchgräbt. Eine Einheit australischer Tunnelbauer übernimmt 1917 die Arbeiten an dem Tunnelsystem unter Hügel 60, einem bedeutsamen strategischen Punkt, den die Alliierten mit der größten Explosion der Welt erobern wollen. Dies ist die wahre Geschichte der Männer, die dafür ihr Leben einsetzten.</plot>
<fsk>16</fsk>
<code>tt1418646</code>
</item>
<item>
<title>Tunnel Rats</title>
<link1>http://vidplay.net/i6dorue26se1</link1>
<link2>http://www.mightyupload.com/embed-2h8mhsvndw6r-645x353.html</link2>
<thumbnail>http://images.cinefacts.de/thumbs/1968TunnelRats-Cover-180629.jpg</thumbnail>
<fanart>http://d3gtl9l2a4fn1j.cloudfront.net/t/p/original/jZ3qXYed8UXUiY15iGRXGi3kGWe.jpg</fanart>
<imdb>5.7</imdb>
<darsteller>Toufeeq Adonis, Wilson Bethel, Adrian Collins</darsteller>
<plot>Amerikanische Truppen bahnen sich ihren Weg durch den Dschungel von Cû Chi in Vietnam. Der Dschungel ist mit Fallen gespickt. Scharfschützen tauchen aus dem Nichts auf und verschwinden ebenso schnell wieder. Der Schlüssel zur vietnamesischen Strategie ist ein gewaltiges Netzwerk von Tunneln, welches sich unter dem Dschungel erstreckt. Als eine Gruppe neuer Rekruten in einem abgelegenen Camp eintrifft, erfahren sie bald, dass ihre Mission kein Routineeinsatz ist. Ein Tunnelzugang wurde entdeckt und sie müssen in die engen Röhren, um den Feind zu bekämpfen. Die Vietnamesen verteidigen sich einfallsreich und erweisen sich gegenüber der überlegenen Technologie der Amerikaner als sehr effektiv. Beide Seiten führen bis zum Ende des Films ihren verbissenen Kampf fort und machen so die Natur von Krieg deutlich: Niemand gewinnt in einem Krieg. Verloren hat doch am Schluss jeder, der in einen Krieg involviert wird.</plot>
<fsk>16</fsk>
<code>tt0970462</code>
</item>
<item>
<title>Winter in Wartime</title>
<link1>http://vidplay.net/821a796d9ugs</link1>
<link2>http://www.mightyupload.com/embed-vxkh18s6bshq-645x353.html</link2>
<thumbnail>http://s7.directupload.net/images/130804/wq8qmte4.jpg</thumbnail>
<fanart>http://d3gtl9l2a4fn1j.cloudfront.net/t/p/original/5DptcOE5eCeQP2n0gNglTGeB7Gh.jpg</fanart>
<imdb>7.2</imdb>
<darsteller>Martijn Lakemeier, Yorick van Wageningen, Jamie Campbell Bower</darsteller>
<plot>Im Januar 1945 liegen die von Deutschland besetzten Niederlande unter dickem Schnee begraben. Das Volk hungert, und wer nach Osten gehen kann, der tut dies, auf der Suche nach einem besseren Leben. Während der Bürgermeister eines kleinen Städtchens in der Provinz bemüht ist, die scheinbar stabile Situation zu erhalten, will sein 13-jähriger Sohn Michiel endlich etwas gegen die Nazis unternehmen und dem aufkeimenden Widerstand helfen. Er gelangt auch prompt an ein geheimes Schreiben, in dem ein Plan versteckt ist, der ihn zu dem Versteck eines abgestürzten britischen Piloten führt. Dieser hat zunächst kein Vertrauen zu Michiel, doch er ist seine einzige Chance.</plot>
<fsk>16</fsk>
<code>tt0795441</code>
</item>
<item>
<title>Straight into Darkness</title>
<link1>http://vidplay.net/c0jzkmdgh9ye</link1>
<link2>http://www.mightyupload.com/embed-h3kfs3wplh7e-645x353.html</link2>
<thumbnail>http://s14.directupload.net/images/130820/ikftd9x7.jpg</thumbnail>
<fanart>http://d3gtl9l2a4fn1j.cloudfront.net/t/p/original/dO2fMXp6bgAPLsAvwT1DRBgll4T.jpg</fanart>
<imdb>5.1</imdb>
<darsteller> David Ryall, Bill Murray, Toby Jones</darsteller>
<plot>Der Zweite Weltkrieg tobt: Zwei desertierte amerikanische Soldaten versuchen, sich durch das besetzte Frankreich durchzuschlagen. Sie finden Zuflucht in einem scheinbar leerstehenden Gebäude. Doch bald merken sie, dass sie nicht allein sind: Mit ihnen befindet sich eine Gruppe bis an die Zähne bewaffneter Kinder in der Ruine. Als ein Trupp deutscher Soldaten anrückt, beginnt ein ungleicher Kampf...</plot>
<fsk>16</fsk>
<code>title</code>
</item>
<item>
<title>Emperor Kampf um den Frieden 2012</title>
<link1>http://vidplay.net/9pv26qxpf2r9</link1>
<link2>http://www.mightyupload.com/embed-cguwro5v2zmg-645x353.html</link2>
<thumbnail>http://images.cinefacts.de/thumbs/Emperor_dvd_cover.jpg</thumbnail>
<fanart>http://d3gtl9l2a4fn1j.cloudfront.net/t/p/original/qa3dJnGNQp6zwhDgI3uxKvblcyb.jpg</fanart>
<imdb>6.3</imdb>
<darsteller> Matthew Fox, Colin Moy, Tommy Lee Jones</darsteller>
<plot>Im China der frühen 40er Jahre des 20. Jahrhunderts haben die Soldaten Japans weite Teile des Landes besetzt, in den übrigen grassiert eine verheerende Hungersnot, destabilisieren Flüchtlingsheere und Räuberbanden die ohnehin brüchige Zivilisation. Während die Heerführer und Politiker aller Seiten wenig Interesse am Schicksal des gebeutelten Volkes zeigen, versucht der Kaufmann Fan mit seiner entwurzelten Familie einfach nur im Getümmel zu überleben. Doch sein Weg führt stets vom Regen in die Traufe.</plot>
<fsk>16</fsk>
<code>title</code>
</item>
<item>
<title>Into the White 2012</title>
<link1>http://vidplay.net/jbii4mylvyuq</link1>
<link2>http://www.mightyupload.com/embed-bxdafy4nvgr0-645x353.html</link2>
<thumbnail>http://images.cinefacts.de/thumbs/Into_The_White_Plakat.jpg</thumbnail>
<fanart>http://d3gtl9l2a4fn1j.cloudfront.net/t/p/original/qtB4AaQWpdjJsdFKDlxy3DpzNyN.jpg</fanart>
<imdb>7.0</imdb>
<darsteller> Florian Lukas, David Kross, Lachlan Nieboer</darsteller>
<plot>Zweiter Weltkrieg, 1940: In der Luftschlacht über Norwegen schießen sich englische und deutsche Piloten gegenseitig ab. Nach einer harten Notlandung in der Einöde Norwegens suchen die Überlebenden beider Parteien- Leutnant Horst Schopis (Florian Lukas), Unteroffizier Josef Schwarz (David Kross) und Feldwebel Wolfgang Strunk (Stig Henrik Hoff) auf Seiten der Deutschen, sowie Gunner Robert Smith (Rupert Grint) und Captain Charles P. Davenport (Lachlan Nieboer) auf Seiten der Briten- Schutz gegen die Kälte und finden diesen in einer verlassenen Berghütte. Leider flüchten sie zufällig in dieselbe Hütte und so müssen die Kriegsgegner miteinander auskommen, um den harten norwegischen Winter zu überleben. Das stürmische Wetter macht ein Umherirren draußen unmöglich, zu groß sind die zu überwindenden Entfernungen, um wieder zurück in die Zivilisation zu gelangen. Voneinander abhängig müssen sich die Feinde auf eine lange und ungewollte Freundschaft einlassen.</plot>
<fsk>12</fsk>
<code>title</code>
</item>
<item>
<title>Unsere Mütter, unsere Väter Teil 1</title>
<link1>http://vidplay.net/mx6wayqnleuc</link1>
<link2>http://www.mightyupload.com/embed-peneij1bo9de-645x353.html</link2>
<thumbnail>http://www.bilder-upload.eu/upload/7d1df4-1379695872.jpg</thumbnail>
<fanart></fanart>
<imdb>7.8</imdb>
<darsteller> Volker Bruch, Tom Schilling, Katharina Schüttler</darsteller>
<plot>Berlin, Juni 1941: Wenige Tage vor dem Überfall des Deutschen Reiches auf die Sowjetunion erreicht der Zweite Weltkrieg langsam seinen Höhepunkt. Fünf junge Menschen, den Kopf voller Pläne und Hoffnungen für die Zukunft, müssen sich nun auch der harten Realität des Krieges stellen. Die Freunde Wilhelm (Volker Bruch), Friedhelm (Tom Schilling), Charlotte (Miriam Stein), Greta (Katharina Schüttler) und Viktor (Ludwig Trepte) verbringen ein letztes Mal Zeit miteinander, bevor es für jeden von ihnen heißt: Abschied nehmen. Wilhelm und Friedhelm treten ihren Wehrdienst an und sind mehr oder weniger überzeugte Soldaten, Greta möchte unbedingt ein gefeierter Filmstar bei der UFA werden und die eingefleischte Nationalsozialistin Charlotte macht eine Ausbildung zur Krankenschwester, um Führer und Vaterland zu dienen: Sie alle wissen noch nicht, wie sehr sie dieser Krieg verändern wird - allen voran den jüdisch-stämmigen Viktor, der seine Eltern davon überzeugen will, Deutschland endlich zu verlassen.</plot>
<fsk>12</fsk>
<code>title</code>
</item>
<item>
<title>Unsere Mütter, unsere Väter Teil 2</title>
<link1>http://vidplay.net/vb5w3bueozkn</link1>
<link2>http://www.mightyupload.com/embed-0vaa0rbc1shf-645x353.html</link2>
<thumbnail>http://www.bilder-upload.eu/upload/7d1df4-1379695872.jpg</thumbnail>
<fanart></fanart>
<imdb>7.8</imdb>
<darsteller> Volker Bruch, Tom Schilling, Katharina Schüttler</darsteller>
<plot>Berlin, Juni 1941: Wenige Tage vor dem Überfall des Deutschen Reiches auf die Sowjetunion erreicht der Zweite Weltkrieg langsam seinen Höhepunkt. Fünf junge Menschen, den Kopf voller Pläne und Hoffnungen für die Zukunft, müssen sich nun auch der harten Realität des Krieges stellen. Die Freunde Wilhelm (Volker Bruch), Friedhelm (Tom Schilling), Charlotte (Miriam Stein), Greta (Katharina Schüttler) und Viktor (Ludwig Trepte) verbringen ein letztes Mal Zeit miteinander, bevor es für jeden von ihnen heißt: Abschied nehmen. Wilhelm und Friedhelm treten ihren Wehrdienst an und sind mehr oder weniger überzeugte Soldaten, Greta möchte unbedingt ein gefeierter Filmstar bei der UFA werden und die eingefleischte Nationalsozialistin Charlotte macht eine Ausbildung zur Krankenschwester, um Führer und Vaterland zu dienen: Sie alle wissen noch nicht, wie sehr sie dieser Krieg verändern wird - allen voran den jüdisch-stämmigen Viktor, der seine Eltern davon überzeugen will, Deutschland endlich zu verlassen.</plot>
<fsk>16</fsk>
<code>tt1883092</code>
</item>
<item>
<title>Unsere Mütter, unsere Väter Teil 3</title>
<link1>http://vidplay.net/8pttbx1f4zid</link1>
<link2>http://www.mightyupload.com/embed-wggttnzmunky-645x353.html</link2>
<thumbnail>http://www.bilder-upload.eu/upload/7d1df4-1379695872.jpg</thumbnail>
<fanart></fanart>
<imdb>7.8</imdb>
<darsteller> Volker Bruch, Tom Schilling, Katharina Schüttler</darsteller>
<plot>Berlin, Juni 1941: Wenige Tage vor dem Überfall des Deutschen Reiches auf die Sowjetunion erreicht der Zweite Weltkrieg langsam seinen Höhepunkt. Fünf junge Menschen, den Kopf voller Pläne und Hoffnungen für die Zukunft, müssen sich nun auch der harten Realität des Krieges stellen. Die Freunde Wilhelm (Volker Bruch), Friedhelm (Tom Schilling), Charlotte (Miriam Stein), Greta (Katharina Schüttler) und Viktor (Ludwig Trepte) verbringen ein letztes Mal Zeit miteinander, bevor es für jeden von ihnen heißt: Abschied nehmen. Wilhelm und Friedhelm treten ihren Wehrdienst an und sind mehr oder weniger überzeugte Soldaten, Greta möchte unbedingt ein gefeierter Filmstar bei der UFA werden und die eingefleischte Nationalsozialistin Charlotte macht eine Ausbildung zur Krankenschwester, um Führer und Vaterland zu dienen: Sie alle wissen noch nicht, wie sehr sie dieser Krieg verändern wird - allen voran den jüdisch-stämmigen Viktor, der seine Eltern davon überzeugen will, Deutschland endlich zu verlassen.</plot>
<fsk>16</fsk>
<code>tt1883092</code>
</item>
<item>
<title>Battleground - Helden im Feuersturm 2013</title>
<link1>http://vidplay.net/5ocefgke1sqh</link1>
<link2>http://www.mightyupload.com/embed-o8bj36ethpa6-645x353.html</link2>
<thumbnail>http://images.cinefacts.de/thumbs/Battleground_dvd_cover.jpg</thumbnail>
<fanart>http://d3gtl9l2a4fn1j.cloudfront.net/t/p/original/ezJ5kgkMs5buXfmm5lZ6p2RUsGz.jpg</fanart>
<imdb>4.7</imdb>
<darsteller> Johan Earl, Tim Pocock, Martin Copping</darsteller>
<plot>Frankreich 1916: An der Somme tobt die größte Schlacht des Ersten Weltkrieges. Die deutschen Truppen sind vorgerückt und haben britisches Gebiet erobert. Nach mehreren erfolglosen Gegenangriffen wird der erfahrene Sergeant Major Wilkins beauftragt, mit seinem Infanterie-Zug einen finalen Angriff zu führen. Die britischen Soldaten haben keine Chance gegen das deutsche Abwehrfeuer, fast alle von ihnen sterben im Kugelhagel. Die Überlebenden stranden zwischen den Fronten. Wilkins weiß, dass als nächstes ein massiver alliierter Artillerieangriff folgen wird, der auch ihren Tod bedeuten würde. Zudem ist der deutsche Feldwebel Schulz fest entschlossen, die Überlebenden zwischen den Fronten zu verfolgen und zu töten. Wird Wilkins es schaffen, seine Männer rechtzeitig zu den eigenen Truppen zurückzubringen?</plot>
<fsk>16</fsk>
<code>tt2186783</code>
</item>
</ArrayOfitem>