<?xml version="1.0" encoding="utf-8"?>
<ArrayOfitem>
<item>
<title>Lockout</title>
<link1>http://vidplay.net/ocjp232brotq</link1>
<link2>http://www.mightyupload.com/embed-pfkp841n5yii-645x353.html</link2>
<thumbnail>http://images.cinefacts.de/Lockout-Filmbild-83521.jpg</thumbnail>
<fanart>http://d3gtl9l2a4fn1j.cloudfront.net/t/p/original/t2qDw8mZlwIvdBVOBogRnFdL018.jpg</fanart>
<imdb></imdb>
<darsteller> Guy Pearce [Snow] | Maggie Grace [Emilie Warnock] | Vincent Regan [Alex] | Joseph Gilgun [Hydell] | Lennie James [Harry Shaw] | Peter Stormare [Scott Langral] | Jacky Ido [Hock] | Tim Plester [John James Mace] | Mark Tankersley [Barnes] | Anne-Solenne Hatte [Kathryn]</darsteller>
<plot>CIA-Agent Snow hat keine andere Wahl: Will er nicht für einen Mord, den er nicht begangen hat, einsitzen, muss er ein Himmelfahrtskommando annehmen. Nach blutiger Revolte ist ein um die Erde kreisendes Hightech-Gefängnis in der Gewalt von 500 Schwerstverbrechern und damit die Tochter des US-Präsidenten, die dort menschenverachtende Experimente untersucht, in Lebensgefahr. Im Alleingang soll Snow die selbstbewusste Politikertochter in Sicherheit bringen - nicht nur der Bedrohung wegen eine echte Herausforderung.</plot>
<fsk></fsk>
<code></code>
</item>
<item>
<title>In Time - Deine Zeit läuft ab</title>
<link1>http://180upload.com/vcpewq3f66re</link1>
<link2>http://www.mightyupload.com/embed-yflnp8ha4mpf-645x353.html</link2>
<thumbnail>http://images.cinefacts.de/InTime-DeineZeitluftab-Filmbild-84646.jpg</thumbnail>
<fanart>http://d3gtl9l2a4fn1j.cloudfront.net/t/p/original/agL1keiOnaJCkRuVD4GFw94fUJB.jpg</fanart>
<imdb></imdb>
<darsteller> Cillian Murphy [Raymond Leon] | Justin Timberlake [Will Salas] | Amanda Seyfried [Sylvia Weis] | Shyloh Oostwald [Maya] | Johnny Galecki [Borel] | Colin McGurk [Citizen] | Olivia Wilde [Rachel Salas] | Will Harris [Ulysse] | Michael William Freeman [Nardin] | Jesse Lee Soffer [Webb]</darsteller>
<plot>In der Zukunft ist die gesamte Menschheit dank Genmanipulation unsterblich geworden... zumindest dann, wenn man es sich leisten kann. Denn in der Welt der ewigen Jugend stellt Lebenszeit die neue Währung da. Physich hört jeder Mensch mit Mitte 20 auf zu altern, aber trotzdem bekommt jeder nur eine bestimmte Lebenszeit zugewiesen. Zusätzliche Zeit läßt sich mit harter Arbeit verdienen. Glücklich sind die Superreichen, die die Jahrhunderte überdauern können, bis sie endgültig genug vom Leben haben. Der einfache Arbeiter Will Salas (Justin Timberlake) bekommt von solch einem Superreichen (Matt Bomer) dessen gesamte Lebenszeit übertragen. Der Chef der korrupten Polizeibehörde (Cillian Murphy) sieht diese Transaktion nicht gern. Denn Will beginnt, großzügig seine an die Bedürftigten zu verschenken, wodurch das komplette Wirtschaftssystem der Zukunft ins Wanken gebracht wird. Ein erbitterter Wettlauf um die Zeit beginnt und der leuchtende Countdown auf Wills Arm läuft ab.</plot>
<fsk></fsk>
<code></code>
</item>
<item>
<title>Pitch Black</title>
<link1>http://180upload.com/b8j4jbt3m70c</link1>
<link2>http://www.mightyupload.com/embed-9nibvabesyf1-645x353.html</link2>
<thumbnail>http://images.cinefacts.de/PitchBlack-PlanetderFinsternis-Filmbild-9152.jpg</thumbnail>
<fanart>http://d3gtl9l2a4fn1j.cloudfront.net/t/p/original/3cdrznjFpquEkHn0J54gZYoIL9p.jpg</fanart>
<imdb></imdb>
<darsteller> Vin Diesel [Richard B. Riddick] | Radha Mitchell [Carolyn Fry] | Cole Hauser [William J. Johns] | Keith David [Abu 'Imam' al-Walid] | Lewis Fitz-Gerald [Paris P. Ogilvie] | Claudia Black [Sharon 'Shazza' Montgomery] | Rhiana Griffith [Jack / Jackie] | John Moore [John 'Zeke' Ezekiel] | Simon Burke [Greg Owens] | Les Chantery [Suleiman]</darsteller>
<plot>In einer nicht allzu fernen Zukunft ist die Pilotin Fry (Radha Mitchell) mit ihrem Raumschiff zur Notlandung auf einem entlegenen Planeten gezwungen. Bei der unsanften Landung kommt ihre Mannschaft ums Leben, einige der an Bord befindlichen Passagiere jedoch überleben mehr oder weniger unverletzt. Darunter auch der Polizist Johns (Cole Hauser) und sein Gefangener Riddick (Vin Diesel), ein gefährlicher Killer, der ins Gefängnis überführt werden sollte. Abgesehen von diesen dreien besteht der Rest der Truppe aus einem bunt zusammen gewürfeltem Haufen von Siedlern, Pilgerreisenden und Geschäftsleuten. Auf der Suche nach Wasser treffen die Gestrandeten auf eine verlassene Forschungsstation. Sie finden zwar eine fast funktionstüchtige Raumfähre und einen Brunnen, aber keine Spur der Bewohner oder einen Grund für das plötzliche Verschwinden derselben. Der wird jedoch nur allzu bald allen klar, denn als sich eine Sonnenfinsternis ankündigt, ist der leblose Planet plötzlich alles andere als verlassen. In der Dunkelheit kommen die eigentlichen Herrscher zum Vorschein: fliegende Monster, die offensichtlich Frischfleisch bevorzugen! Die Schiffbrüchigen haben nur eine einzige Chance zum Überleben – sie müssen zusammenarbeiten, ob sie sich nun trauen oder nicht. Schnell zeigt sich, dass Riddick am ehesten das Zeug dazu hat, die Gruppe zu retten. Aber ob man diesem knallharten Killer trauen kann, bleibt die große Frage...</plot>
<fsk></fsk>
<code></code>
</item>
<item>
<title>Battleship</title>
<link1>http://180upload.com/6yg0htkbkmwi</link1>
<link2>http://www.mightyupload.com/embed-dyvqip7l3gt0-645x353.html</link2>
<thumbnail>http://images.cinefacts.de/Battleship-Filmbild-81362.jpg</thumbnail>
<fanart>http://d3gtl9l2a4fn1j.cloudfront.net/t/p/original/gK3HCLid5M9AjzcIlKvhXjTHsfb.jpg</fanart>
<imdb></imdb>
<darsteller> Taylor Kitsch [Lieutenant Alex Hopper] | Alexander Skarsgård [Commander Stone Hopper] | Rihanna [Petty Officer Cora 'Weps' Raikes] | Brooklyn Decker [Samantha Shane] | Tadanobu Asano [Captain Yugi Nagata] | Hamish Linklater [Cal Zapata] | Liam Neeson [Admiral Shane] | Peter MacNicol [Secretary of Defense] | John Tui [Chief Petty Officer Walter 'The Beast' Lynch] | Jesse Plemons [Boatswain Mate Seaman Jimmy 'Ordy' Ord]</darsteller>
<plot>Kaum ein Offizier hat je in der US-Navy derart schnell Karriere gemacht wie Alex Hopper (Taylor Kitsch). Aber dann begeht er einen Fehler, der ihn die Laufbahn kosten könnte: Er verliebt sich ausgerechnet in Sam (Brooklyn Decker), die Tochter seines Admirals (Liam Neeson). Ein Problem, bei dem ihm auch sein älterer Bruder Stone (Alexander Skarsgård), Kommandeur der USS Samson, nicht helfen kann. Alex bleibt allerdings wenig Zeit, über sein Schicksal nachzugrübeln, denn bei einem internationalen Seemanöver im Pazifik gerät seine Einheit in eine Situation, auf die sie auch die beste Militärschule nicht vorbereiten konnte: Mitten auf dem Ozean wird die Flotte von den gigantischen Kampfmaschinen einer außerirdischen Macht angegriffen...</plot>
<fsk></fsk>
<code></code>
</item>
<item>
<title>Die Tribute von Panem</title>
<link1>http://180upload.com/ahcsdw76kyr5</link1>
<link2>http://www.mightyupload.com/embed-7qerjhwhyqwu-645x353.html</link2>
<thumbnail>http://images.cinefacts.de/DieTributevonPanem-TheHungerGames-Filmbild-77598.jpg</thumbnail>
<fanart>http://d3gtl9l2a4fn1j.cloudfront.net/t/p/original/1LTLrl06uII4w2BTpnQnmWwrKi.jpg</fanart>
<imdb></imdb>
<darsteller> Stanley Tucci [Caesar Flickerman] | Wes Bentley [Seneca Crane] | Jennifer Lawrence [Katniss Everdeen] | Willow Shields [Primrose Everdeen] | Liam Hemsworth [Gale Hawthorne] | Elizabeth Banks [Effie Trinket] | Sandra Ellis Lafferty [Hob Vendor (als Sandra Lafferty)] | Paula Malcomson [Katniss' Mother] | Rhoda Griffis [Registration Woman] | Sandino Moya [Propaganda Film Tribute (als Sandino Moya-Smith)]</darsteller>
<plot>In einer nicht allzu fernen Zukunft: Nach der Apokalypse ist aus dem zerstörten Nordamerika der totalitäre Staat Panem entstanden, das Kapitol regiert das hungernde Volk mit Härte und Schrecken. Um seine Macht zu demonstrieren, veranstaltet das Regime jedes Jahr die brutalen "Hungerspiele": 24 Jugendliche, je ein Mädchen und ein Junge aus Panems zwölf Distrikten, müssen in einem modernen Gladiatorenkampf antreten, den nur einer von ihnen überleben darf. Als ihre kleine Schwester Prim für die Spiele ausgelost wird, nimmt die 16-jährige Katniss freiwillig ihren Platz ein. Der zweite Kandidat aus Katniss' Distrikt ist Peeta, den sie seit ihrer Kindheit kennt. Kurz bevor das perfide Turnier beginnt, gesteht Peeta Katniss seine Liebe. Doch das Kapitol macht sie zu Todfeinden...</plot>
<fsk></fsk>
<code></code>
</item>
<item>
<title>Gamer</title>
<link1>http://vidplay.net/fkq4x5ecb3o1</link1>
<link2>http://www.mightyupload.com/embed-nxst4uj7lbm6-645x353.html</link2>
<thumbnail>http://images.cinefacts.de/Gamer-Filmbild-65499.jpg</thumbnail>
<fanart>http://d3gtl9l2a4fn1j.cloudfront.net/t/p/original/gCVAvKhsD5BrGZhyj1sNnwsqCY5.jpg</fanart>
<imdb></imdb>
<darsteller> Gerard Butler [Kable] | Amber Valletta [Angie] | Michael C. Hall [Ken Castle] | Kyra Sedgwick [Gina Parker Smith] | Logan Lerman [Simon] | Alison Lohman [Trace] | Terry Crews [Hackman] | Ramsey Moore [Gorge] | Ludacris [Humanz Brother (als Chris 'Ludacris' Bridges)] | Aaron Yoo [Humanz Dude]</darsteller>
<plot>In naher Zukunft beherrscht eine neue virtuelle Technolgie den Markt: Menschen lenken andere Menschen mithilfe von Computerchips, die ihnen ins Gehirn gepflanzt wurden. Der Verantwortliche dafür ist der Exentriker Ken Castle, der neben seiner ersten Entwicklung, "Society", ein neues Projekt erstellt hat. In "Slayers" steuern sog. Gamer zum Tode verurteilte Sträflinge durch Schlachtfelder, in denen sie gegeneinander um ihr Leben kämpfen. Der Star dieser "Gladiatorenkämpfe" ist Sträfling Kable, vom Gamer Simon gelenkt. Er muss nur noch drei Runden bis zu seiner Begnadigung überstehen ...</plot>
<fsk></fsk>
<code></code>
</item>
<item>
<title>Cloud Atlas 2012</title>
<link1>http://180upload.com/ecz39dyk73yc</link1>
<link2>http://www.mightyupload.com/embed-a9f4g8bbff63-645x353.html</link2>
<thumbnail>http://images.cinefacts.de/CloudAtlas-Filmbild-216040.jpg</thumbnail>
<fanart>http://d3gtl9l2a4fn1j.cloudfront.net/t/p/original/z65dfoxZuEYWGfz2zjYzgFcFaAN.jpg</fanart>
<imdb></imdb>
<darsteller> Tom Hanks [Dr. Henry Goose / Hotel Manager / Isaac Sachs / Dermot Hoggins / Cavendish Look-a-Like Actor / Zachry] | Halle Berry [Native Woman / Jocasta Ayrs / Luisa Rey / Indian Party Guest / Ovid / Meronym] | Jim Broadbent [Captain Molyneux / Vyvyan Ayrs / Timothy Cavendish / Korean Musician / Prescient 2] | Hugo Weaving [Haskell Moore / Tadeusz Kesselring / Bill Smoke / Nurse Noakes / Boardman Mephi / Old Georgie] | Jim Sturgess [Adam Ewing / Poor Hotel Guest / Megan's Dad / Highlander / Hae-Joo Chang / Adam / Zachry Brother-in-Law] | Doona Bae [Tilda / Megan's Mom / Mexican Woman / Sonmi-451 / Sonmi-351 / Sonmi Prostitute] | Ben Whishaw [Cabin Boy / Robert Frobisher / Store Clerk / Georgette / Tribesman] | Keith David [Kupaka / Joe Napier / An-kor Apis / Prescient] | James D'Arcy [Young Rufus Sixsmith / Old Rufus Sixsmith / Nurse James / Archivist] | Xun Zhou [Talbot / Hotel Manager / Yoona-939 / Rose]</darsteller>
<plot>Ein alter Mann, genannt Zachry (Tom Hanks), erzählt einer Gruppe, die um ein Lagerfeuer herumsitzt, eine lange Geschichte. Diese beschäftigt sich mit den Figuren aus ganz unterschiedlichen Zeitepochen und dennoch sind deren Schicksale allesamt miteinander verknüpft: Ein gebrechlicher Doktor (Hanks) trifft im Jahre 1849 auf einen Anwalt (Jim Sturgess) und einen ausgebrochenen Sklaven (David Gyasi); zwei Komponisten (Jim Broadbent, Ben Wishaw) konkurrieren 1936 miteinander in Cambridge; um 1970 nimmt es eine Journalistin (Halle Barry) mit dem Chef eines Kernkraftwerks (Hugh Grant) auf; 2012 muss ein vom Glück verlassener Buchverleger mit seinem Leben zurechtkommen (Broadbent); 2144 kommt es in Neo Seoul zu einer Affäre zwischen einer Sklavenarbeiterin (DoonaBae) und einem Rebell (Sturgess), der ihr das Leben gerettet hat, und im 24. Jahrhundert verbündet sich schließlich Zachry mit einer reisenden Forscherin (Berry) auf der Suche nach einer bahnbrechenden, alles verändernden Entdeckung...</plot>
<fsk></fsk>
<code></code>
</item>
<item>
<title>Doomsday Book</title>
<link1>http://vidplay.net/336tqedbj18s</link1>
<link2>http://www.mightyupload.com/embed-oh1pzh35o9a0-645x353.html</link2>
<thumbnail>http://images.cinefacts.de/DoomsdayBook-Cover-220100.jpg</thumbnail>
<fanart>http://d3gtl9l2a4fn1j.cloudfront.net/t/p/original/z4fwmdmXCJArsrFSd61kydnieZA.jpg</fanart>
<imdb></imdb>
<darsteller> Doona Bae [Min-seo (Older)] | Joon-ho Bong [Joon-ho, lee] | Ji-hee Jin [Min-seo] | John D. Kim [Former NASA Researcher] | Kang-woo Kim [Robot repairman Park Do-won] | Jun-hee Ko [Kim Yoo-min] | Dong-seok Ma [High school zombie] | Hae-il Park [In-Myung] | Seung-beom Ryu [Suk-woo] | Song Sae-Byok [Min-Seo's uncle]</darsteller>
<plot>Das Ende der Welt naht und die Menschheit ist dem Untergang geweiht: In "The Heavenly Creature" erlangt ein Roboter in einem Tempel Erleuchtung und wird daraufhin vom Elektrotechniker Pak Do-won und dem Tempelpriester Hye-joo vor seinen habgierigen Herstellern beschützt. In "A Brave New World" sieht sich die Menschheit einem tödlichen Virus gegenüber. Ein junger Mann verwandelt sich unaufhaltsam in einen blutrünstigen Zombie. Im dritten Kapitel "Happy Birthday" freundet sich ein Maschinenbau-Absolvent mit einer künstlichen Intelligenz an. Ihnen steht jedoch der unaufhaltsam bevorstehende Meteoriteneinschlag mit dem drohenden Ende allen irdischen Lebens im Weg …</plot>
<fsk></fsk>
<code></code>
</item>
<item>
<title>Prometheus - Dunkle Zeichen</title>
<link1>http://180upload.com/ppgdknzxixr1</link1>
<link2>http://www.mightyupload.com/embed-8uir905r244d-645x353.html</link2>
<thumbnail>http://images.cinefacts.de/Prometheus-DunkleZeichen-Filmbild-80680.jpg</thumbnail>
<fanart>http://d3gtl9l2a4fn1j.cloudfront.net/t/p/original/qfXeiDyuvLgfXqypnP5e3t8mxV4.jpg</fanart>
<imdb></imdb>
<darsteller> Noomi Rapace [Elizabeth Shaw] | Michael Fassbender [David] | Charlize Theron [Meredith Vickers] | Idris Elba [Janek] | Guy Pearce [Peter Weyland] | Logan Marshall-Green [Charlie Holloway] | Sean Harris [Fifield] | Rafe Spall [Millburn] | Emun Elliott [Chance] | Benedict Wong [Ravel]</darsteller>
<plot></plot>
<fsk></fsk>
<code></code>
</item>
<item>
<title>Recreator - Du wirst repliziert</title>
<link1>http://180upload.com/ov1aqllmdkm6</link1>
<link2>http://www.mightyupload.com/embed-gyqwrgc75oz9-645x353.html</link2>
<thumbnail>http://de.web.img2.acsta.net/r_640_600/b_1_d6d6d6/medias/nmedia/18/86/68/08/20160184.jpg</thumbnail>
<fanart>http://d3gtl9l2a4fn1j.cloudfront.net/t/p/original/3dG39NDIWJpMTrgqtQagYZm95gB.jpg</fanart>
<imdb></imdb>
<darsteller> Stella Maeve [Tracy Bernstein] | Alexander Nifong [Craig Carlson] | J. Mallory-McCree [Derek Johnson (als Jamal Mallory-McCree)] | John de Lancie [Dr. Frank Miller] | Laura Moss [Elizabeth Miller] | Curzon Dobell [Mr. Carlson] | Kasey Riley [Kasey Riley] | Kean Riley [Kean Riley]</darsteller>
<plot>Tracy (Stella Maeve) verbringt gerne viel Zeit mit ihren Freunden Craig (Alexander Nifong) und Derek (Jamal Mallory-McCree). Sie unternehmen eine Menge gemeinsam und so kommt es, dass sie eines Tages bei einem Ausflug ein mysteriöses, geheimes Labor finden, welches offenbar einst einem verrückt gewordenen Wissenschaftler gehört hat. Bevor sie jedoch ahnen können, wie ihnen geschieht, sind sie beim Erkunden auch schon Teil eines grausamen Experiments. In den Tiefen des Labors begegnen sie plötzlich drei eigenartigen Figuren: exakte Kopien ihrer selbst. Schnell wird ihnen klar, dass diese nur ein Ziel haben, nämlich sie, die Originale, zu töten. Verzweifelt versuchen sie, ihrem Tod zu entkommen, doch dann begreifen sie, dass es nur einen Weg gibt, sich zu retten. Sie müssen das Labor zerstören, um nicht durch die Klone ersetzt zu werden. Ein Wettlauf gegen die Zeit beginnt</plot>
<fsk></fsk>
<code></code>
</item>
<item>
<title>eXistenZ - Du bist das Spiel</title>
<link1>http://180upload.com/5osb7vkgv8wt</link1>
<link2>http://www.mightyupload.com/embed-gyqwrgc75oz9-645x353.html</link2>
<thumbnail>http://images.cinefacts.de/eXistenZDubistdasSpiel-Cover-113397.jpg</thumbnail>
<fanart>http://d3gtl9l2a4fn1j.cloudfront.net/t/p/original/wm8EYTqV7NPgpT0hEHBzN2QruqL.jpg</fanart>
<imdb></imdb>
<darsteller> Jennifer Jason Leigh [Allegra Geller] | Jude Law [Ted Pikul] | Ian Holm [Kiri Vinokur] | Willem Dafoe [Gas] | Don McKellar [Yevgeny Nourish] | Callum Keith Rennie [Hugo Carlaw] | Christopher Eccleston [Seminar Leader] | Sarah Polley [Merle] | Robert A. Silverman [D'Arcy Nader] | Oscar Hsu [Chinese Waiter]</darsteller>
<plot>Allegra Geller hat ein neues Computerspiel erfunden: eXsitenZ ist eine virtuelle Reise in das Reich der Psyche und wird direkt an das Nervensystem der Spieler angeschlossen. Als Allegras Erfundung sabotiert wird, muß sie mit ihrem unerfahrenen Kollegen Ted flüchten. Die beiden landen in einer unheimlichen und merkwürdigen neuen Umgebung. Doch auch hier werden sie von "Anti-eXistenZ ialisten" verfolgt. Um zu überleben, müssen sie das Ziel das Spiels erreichen. Alles geht rasend schnell. Sie dringen immer tiefer in eXistenZ ein, bis Ted den totalen Realitätsverlust befürchtet und aussteigen will. Doch das Ziel ist herauszufinden, was das Ziel ist ...</plot>
<fsk></fsk>
<code></code>
</item>
<item>
<title>Leviathan</title>
<link1>http://180upload.com/6hzm2l5n4rto</link1>
<link2>http://www.mightyupload.com/embed-5xf3loqhu252-645x353.html</link2>
<thumbnail>http://images.cinefacts.de/thumbs/Leviathan-Cover-178749.jpg</thumbnail>
<fanart>http://d3gtl9l2a4fn1j.cloudfront.net/t/p/original/fFy8YgmgHbrQDTFBDz0btNXZcqR.jpg</fanart>
<imdb></imdb>
<darsteller></darsteller>
<plot></plot>
<fsk></fsk>
<code></code>
</item>
<item>
<title>Red Faction: Origins</title>
<link1>http://180upload.com/yd6fq8j12wkq</link1>
<link2>http://www.mightyupload.com/embed-wdekl4owq3sz-645x353.html</link2>
<thumbnail>http://p.playserver1.com/ProductImages/6/8/9/8/5/8/9/3/39858986_700x700min_1.jpg</thumbnail>
<fanart>http://d3gtl9l2a4fn1j.cloudfront.net/t/p/original/pppaPydZZDHUdbFPQgzLLQcP4jB.jpg</fanart>
<imdb></imdb>
<darsteller> Brian J. Smith [Jake Mason] | Danielle Nicolet [Tess De La Vega] | Kate Vernon [The Matriarch] | Tamzin Merchant [Lyra] | Devon Graye [Leo] | Gordon Kennedy [Corvallis] | Gareth David-Lloyd [Hale] | Tamer Hassan [Stoller] | Ariyon Bakare [Ben Sharpe] | Peter Bankole [Ezra]</darsteller>
<plot></plot>
<fsk></fsk>
<code></code>
</item>
<item>
<title>Star Wars Episode I - Die dunkle Bedrohung</title>
<link1>http://180upload.com/2wuna80r437s</link1>
<link2>http://www.mightyupload.com/embed-46e0ehhfxdvw-645x353.html</link2>
<thumbnail>http://images.cinefacts.de/StarWarsEpisodeI-DiedunkleBedrohung-Filmbild-17816.jpg</thumbnail>
<fanart>http://d3gtl9l2a4fn1j.cloudfront.net/t/p/original/rtG5TRrQXf11jlO9WqcYTq46jKa.jpg</fanart>
<imdb></imdb>
<darsteller> Liam Neeson [Qui-Gon Jinn] | Ewan McGregor [Obi-Wan Kenobi] | Natalie Portman [Queen Amidala / Padmé] | Jake Lloyd [Anakin Skywalker] | Ian McDiarmid [Senator Palpatine] | Pernilla August [Shmi Skywalker] | Oliver Ford Davies [Sio Bibble] | Hugh Quarshie [Captain Panaka] | Ahmed Best [Jar Jar Binks (Sprechrolle)] | Anthony Daniels [C-3PO (Sprechrolle)]</darsteller>
<plot>Der abgeschiedene Planet Naboo wird von der Handelsföderation, einem galaxisweiten Großunternehmen, blockiert, um gegen erhöhte Handelszölle zu protestieren. Insgeheim steht die Führung der Handelsföderation in einem Bündnis mit einem gewissen Darth Sidious, der auf galaktischer Regierungsebene im Verborgenem seine schützende Hand über diese Rechtsbrüche zu halten scheint. Daraufhin entsendet der Kanzler des Galaktischen Senats einen Jedi-Meister und seinen Schüler (Qui-Gon Jinn und Obi-Wan Kenobi) aus, um in dem Konflikt zu vermitteln. Von Sidious aufgefordert, besetzt die Handelsföderation den Planeten mit ihrer Droidenarmee. Die beiden Jedi können zusammen mit Padmé Amidala, der Königin des Planeten, fliehen. Da der Hyperraumantrieb ihres Raumschiffs während der Flucht beschädigt worden ist, müssen sie jedoch auf dem abgelegenen Wüstenplaneten Tatooine landen.</plot>
<fsk></fsk>
<code></code>
</item>
<item>
<title>Star Wars Episode II - Angriff der Klonkrieger</title>
<link1>http://180upload.com/mm9eujgik1c6</link1>
<link2>http://www.mightyupload.com/embed-rwrufma2uzyl-645x353.html</link2>
<thumbnail>http://images.cinefacts.de/StarWarsEpisodeII-AngriffderKlonkrieger-Filmbild-18215.jpg</thumbnail>
<fanart>http://d3gtl9l2a4fn1j.cloudfront.net/t/p/original/560F7BPaxRy8BsOfVU6cW4ivM46.jpg</fanart>
<imdb></imdb>
<darsteller> Ewan McGregor [Obi-Wan Kenobi] | Natalie Portman [Padmé] | Hayden Christensen [Anakin Skywalker] | Christopher Lee [Count Dooku / Darth Tyranus] | Samuel L. Jackson [Mace Windu] | Frank Oz [Yoda (Sprechrolle)] | Ian McDiarmid [Supreme Chancellor Palpatine] | Pernilla August [Shmi Skywalker] | Temuera Morrison [Jango Fett] | Daniel Logan [Boba Fett]</darsteller>
<plot>Padmé Amidala, die Senatorin des Planeten Naboo, kehrt nach Coruscant, der Zentralwelt der Galaktischen Republik, zurück, um an einer Abstimmung im Galaktischen Senat über die Aufstellung einer Armee der Republik teilzunehmen. Sie möchte sich gegen eine Armee aussprechen. Bei der Landung wird ein Bombenanschlag auf ihr Raumschiff verübt, den sie aber auf Kosten ihrer Doppelgängerin Cordé unverletzt überlebt. Daraufhin bestimmt der Jedi-Orden auf Anraten Kanzler Palpatines zwei seiner Mitglieder, Obi-Wan Kenobi und seinen Padawan Anakin Skywalker dazu, die Senatorin zu beschützen.</plot>
<fsk></fsk>
<code></code>
</item>
<item>
<title>Grabbers</title>
<link1>http://180upload.com/hnsgwu19zhul</link1>
<link2>http://www.mightyupload.com/embed-dykz1g8onalj-645x353.html</link2>
<thumbnail>http://images.cinefacts.de/Grabbers-Cover-220600.jpg</thumbnail>
<fanart>http://d3gtl9l2a4fn1j.cloudfront.net/t/p/original/xkcf6brNysarb24i6lBBFiWHGNM.jpg</fanart>
<imdb></imdb>
<darsteller> Richard Coyle [Garda Ciarán O'Shea] | Ruth Bradley [Garda Lisa Nolan] | Russell Tovey [Dr. Adam Smith] | Lalor Roddy [Paddy Barrett] | David Pearse [Brian Maher] | Bronagh Gallagher [Una Maher] | Pascal Scott [Dr. Jim Gleeson] | Clelia Murphy [Irene Murphy] | Louis Dempsey [Tadhg Murphy] | Micheál O'Gruagain [Father Potts]</darsteller>
<plot>„Auf Erin Island passiert niemals etwas Aufregendes“, beruhigt Inselpolizist O’Shea seine neue Kollegin. Doch plötzlich verschwinden Fischer, tote Wale säumen den Strand und der alte Paddy hat in seiner Reuse ein ziemlich bizarres Wesen aus dem Wasser gezogen. Das Unglaubliche ist geschehen: Tentakelreiche Aliens sind auf der Insel eingefallen! Die bösartige Brut liebt Wasser und saugt Blut, was für die Einheimischen eher unbekömmlich ist. Aber warum hat ausgerechnet Paddy die Begegnung mit den hungrigen Außerirdischen überlebt? - Er war mal wieder hackedicht und das mögen die fremden Besucher gar nicht. Damit ist die Überlebensstrategie der Inselbewohner klar: saufen, saufen, saufen …! Doch selbst Iren können nicht so schnell trinken, wie die fruchtbaren Gäste sich vermehren ...</plot>
<fsk></fsk>
<code></code>
</item>
<item>
<title>Star Wars Episode III - Die Rache der Sith</title>
<link1>http://180upload.com/b0law3cgclvu</link1>
<link2>http://www.mightyupload.com/embed-r1b22c9rz811-645x353.html</link2>
<thumbnail>http://images.cinefacts.de/StarWarsEpisodeIII-DieRachederSith-Filmbild-26726.jpg</thumbnail>
<fanart>http://d3gtl9l2a4fn1j.cloudfront.net/t/p/original/wUYTfFbfPiZC6Lcyt1nonr69ZmK.jpg</fanart>
<imdb></imdb>
<darsteller> Ewan McGregor [Obi-Wan Kenobi] | Natalie Portman [Padmé] | Hayden Christensen [Anakin Skywalker] | Ian McDiarmid [Supreme Chancellor Palpatine] | Samuel L. Jackson [Mace Windu] | Jimmy Smits [Senator Bail Organa] | Frank Oz [Yoda (Sprechrolle)] | Anthony Daniels [C-3PO] | Christopher Lee [Count Dooku] | Keisha Castle-Hughes [Queen of Naboo]</darsteller>
<plot>Seit drei Jahren toben die Klonkriege in der Galaxis. Die Galaxie erscheint zerrüttet und von Kämpfen mit der Konföderation durchsät. Anakin Skywalker ist aufgrund seines Heldenmutes in vielen Kämpfen inzwischen in den Rang eines Jedi-Ritters aufgestiegen. Doch Misstrauen gegenüber dem Jedi-Orden und seine Angst, Padmé zu verlieren, wie er einst seine Mutter verloren hat, führen ihn immer weiter zur dunklen Seite der Macht. Dabei setzt er sowohl das Verhältnis zu seinem Mentor Obi-Wan Kenobi als auch seine Ehe aufs Spiel.</plot>
<fsk></fsk>
<code></code>
</item>
<item>
<title>Star Wars Episode IV - Eine neue Hoffnung</title>
<link1>http://180upload.com/rwe6d64qj3tg</link1>
<link2>http://www.mightyupload.com/embed-vqh6sgwc3uaw-645x353.html</link2>
<thumbnail>http://images.cinefacts.de/StarWarsOriginalTrilogieEpisode46-Cover-202730.jpg</thumbnail>
<fanart>http://d3gtl9l2a4fn1j.cloudfront.net/t/p/original/4iJfYYoQzZcONB9hNzg0J0wWyPH.jpg</fanart>
<imdb></imdb>
<darsteller> Mark Hamill [Luke Skywalker] | Harrison Ford [Han Solo] | Carrie Fisher [Princess Leia Organa] | Peter Cushing [Grand Moff Tarkin] | Alec Guinness [Ben Obi-Wan Kenobi] | Anthony Daniels [C-3PO] | Kenny Baker [R2-D2] | Peter Mayhew [Chewbacca] | David Prowse [Darth Vader] | James Earl Jones [Darth Vader (Sprechrolle)]</darsteller>
<plot>Das Imperium hat eine gigantische Raumstation konstruiert, den Todesstern, mit genug Feuerkraft, um einen Planeten zu vernichten. Doch der Allianz der Rebellen gelang es, in einer Schlacht an die geheimen Pläne des Todessterns zu gelangen.</plot>
<fsk></fsk>
<code></code>
</item>
<item>
<title>Star Wars Episode V - Das Imperium schlägt zurück</title>
<link1>http://180upload.com/plwbx6jg2gmr</link1>
<link2>http://www.mightyupload.com/embed-0gefzfk3wag8-645x353.html</link2>
<thumbnail>http://images.cinefacts.de/StarWarsEpisodeV-DasImperiumschlgtzurck-Filmbild-25211.jpg</thumbnail>
<fanart>http://d3gtl9l2a4fn1j.cloudfront.net/t/p/original/AkE7LQs2hPMG5tpWYcum847Knre.jpg</fanart>
<imdb></imdb>
<darsteller> Mark Hamill [Luke Skywalker] | Harrison Ford [Han Solo] | Carrie Fisher [Princess Leia] | Billy Dee Williams [Lando Calrissian] | Anthony Daniels [C-3PO] | David Prowse [Darth Vader] | Peter Mayhew [Chewbacca] | Kenny Baker [R2-D2] | Frank Oz [Yoda (Sprechrolle)] | Alec Guinness [Ben 'Obi-wan' Kenobi]</darsteller>
<plot>Nach der Zerstörung des Todessterns mussten die Rebellen von Yavin IV fliehen und einen neuen Stützpunkt suchen. Ihre Wahl fiel auf den Eisplaneten Hoth.</plot>
<fsk></fsk>
<code></code>
</item>
<item>
<title>Star Wars VI  Die Rückkehr der Jedi-Ritter</title>
<link1>http://180upload.com/lolwzf5p40il</link1>
<link2>http://www.mightyupload.com/embed-39v851beb837-645x353.html</link2>
<thumbnail>http://images.cinefacts.de/StarWarsEpisodeVI-DieRckkehrderJedi-Ritter-Filmbild-26547.jpg</thumbnail>
<fanart>http://d3gtl9l2a4fn1j.cloudfront.net/t/p/original/bvJOpyHYWACDusvQvXxKEHFNjce.jpg</fanart>
<imdb></imdb>
<darsteller> Mark Hamill [Luke Skywalker] | Harrison Ford [Han Solo] | Carrie Fisher [Princess Leia] | Billy Dee Williams [Lando Calrissian] | Anthony Daniels [C-3PO] | Peter Mayhew [Chewbacca] | Sebastian Shaw [Anakin Skywalker] | Ian McDiarmid [The Emperor] | Frank Oz [Yoda (Sprechrolle)] | James Earl Jones [Voice of Darth Vader (Sprechrolle)]</darsteller>
<plot>Der in Karbonit tiefgefrorene Körper von Han Solo befindet sich nun im Besitz von Jabba, der ihn in seiner Wüstenfestung auf Tatooine als bizarren Wandschmuck aufgestellt hat. Bei dem Versuch, Han zu retten, wird Prinzessin Leia gefasst und als persönliche Sklavin von Jabba gehalten. In einer Rettungsaktion gelingt es jedoch Luke Skywalker, seine beiden Freunde zu befreien. Luke macht sich danach auf ins Dagobah-System, um seine Ausbildung beim alten Jedi-Meister Yoda zu beenden. Dieser aber erklärt Luke, dass er keiner weiteren Ausbildung bedürfe, um Vader gegenüberzutreten und diesen zu besiegen, was ihn bei Gelingen zu einem Jedi-Ritter machen würde. Auch bestätigt Yoda, dass Vader Lukes Vater ist und dass dieser früher einmal der Schüler von Obi-Wan Kenobi war. Kurz danach stirbt Yoda friedlich an Altersschwäche und wird eins mit der Macht. Nach Yodas Tod erfährt Luke durch den Machtgeist von Obi-Wan Kenobi, der ihm auf Dagobah erscheint, dass Leia seine Zwillingsschwester ist.</plot>
<fsk></fsk>
<code></code>
</item>
<item>
<title>Pi</title>
<link1>http://180upload.com/16dy8rqnit4e</link1>
<link2>http://www.mightyupload.com/embed-sjrhsump4944-645x353.html</link2>
<thumbnail>http://de.web.img1.acsta.net/r_640_600/b_1_d6d6d6/medias/nmedia/18/63/48/76/18692856.jpg</thumbnail>
<fanart>http://d3gtl9l2a4fn1j.cloudfront.net/t/p/original/v8hOSHK0dwgwR80CZuxvMFc0DCx.jpg</fanart>
<imdb></imdb>
<darsteller> Sean Gullette [Maximillian Cohen] | Mark Margolis [Sol Robeson] | Ben Shenkman [Lenny Meyer] | Pamela Hart [Marcy Dawson] | Stephen Pearlman [Rabbi Cohen] | Samia Shoaib [Devi] | Ajay Naidu [Farrouhk] | Kristyn Mae-Anne Lao [Jenna] | Espher Lao Nieves [Jenna's Mom] | Joanne Gordon [Mrs. Ovadia]</darsteller>
<plot>Mathematikgenie Max Cohen steht kurz vor der Entschlüsselung eines numerischen Systems, das die Struktur von Zufall und Chaos aufdecken könnte. Mit diesem Code ließen sich nicht nur die Abläufe des Universums erklären, sondern auch Börsenbewegungen voraussagen. Bald sieht sich Max durch skrupellose Wall-Street-Haie verfolgt, aber auch eine religiöse Sekte und der Geheimdienst sind ihm auf den Fersen. Seine mentale Gesundheit leidet, er schlingert mehr und mehr in den Wahnsinn. Als es ihm gelingt, den 216-stelligen Code zu knacken, macht er eine Entdeckung, für die alle bereit sind, ihn zu töten...</plot>
<fsk></fsk>
<code></code>
</item>
<item>
<title>Jurassic Attack 2013</title>
<link1>http://180upload.com/1gj9qvwsr2u9</link1>
<link2>http://www.mightyupload.com/embed-tu8uvetppg5m-645x353.html</link2>
<thumbnail>http://i.imgur.com/i80PkCR.jpg</thumbnail>
<fanart>http://d3gtl9l2a4fn1j.cloudfront.net/t/p/original/ttMdXXPzsSmIGKXWsUE4tcrZdLg.jpg</fanart>
<imdb></imdb>
<darsteller> Corin Nemec [Colonel Carter] | Vernon Wells [Agent Grimaldi] | Gary Stretch [Captain John Steakley] | Alicia Ziegler [Sarah Haldeman] | Rachel Riley [Soldier #1] | Michael Worth [Professor Roxton] | Natascha Berg [Angeles Ibanez] | Jordan Lawson [Soldier #2] | Jeff Leroy [Soldier #4] | Chris Gabriel [Soldier #3]</darsteller>
<plot>Während des Rückflugs von einem Einsatz, stürzt der Helikopter eines Kommando-Teams ab. Die Crew überlebt leicht verletzt und kämpft sich fortan durch einen dichten, abgelegenen tropischen Dschungel. Ihnen offenbart sich eine unerforschte verlorene Welt, die von einer längst vergessenen Spezies bevölkert wird: den Dinosauriern. Als diese die Menschen entdecken, wittern sie frische Nahrung. Die Gruppe muss schnellstens einen Weg finden aus dem todbringenden Tal zu entkommen, bevor sie zur Beute für die blutrünstigen prähistorischen Raubtiere wird.</plot>
<fsk></fsk>
<code></code>
</item>
<item>
<title>Knowing</title>
<link1>http://180upload.com/fivvv5sejw58</link1>
<link2>http://www.mightyupload.com/embed-uqvm6fqq5x5p-645x353.html</link2>
<thumbnail>http://www.moviemaze.de/filme/2612/poster_lg02.jpg</thumbnail>
<fanart>http://d3gtl9l2a4fn1j.cloudfront.net/t/p/original/p6WG7DkWT7VmUwgQuEZyPpKXWyX.jpg</fanart>
<imdb></imdb>
<darsteller> Nicolas Cage [John Koestler] | Chandler Canterbury [Caleb Koestler] | Rose Byrne [Diana] | Lara Robinson [Abby / Lucinda] | D.G. Maloney [The Stranger] | Nadia Townsend [Grace] | [url=/name/nm0394086/" onclick="(new Image()).src='/rg/castlist/position-7/images/b.gif?link=/name/nm0394086/';]Alan Hopgood [Reverend Koestler] | Adrienne Pickering [Allison] | </darsteller>
<plot></plot>
<fsk></fsk>
<code></code>
</item>
<item>
<title>Spider City - Stadt der Spinnen 2013</title>
<link1>http://vidplay.net/5cyysen9i3fd</link1>
<link2>http://www.mightyupload.com/embed-rkgpovy13peb-645x353.html</link2>
<thumbnail>http://i.imagebanana.com/img/prbk47ts/spidercitystadtderspinnen.jpg</thumbnail>
<fanart>http://d3gtl9l2a4fn1j.cloudfront.net/t/p/original/3FzYIbBlS3zPHynoiWE0SGF7SSg.jpg</fanart>
<imdb>3.5</imdb>
<darsteller> Christa Campbell [Rachel] | William Hope [Col. Jenkins] | Patrick Muldoon [Jason] | Shelly Varod [Phoebe] | Jon Mack [Doctor Stella] | Sydney Sweeney [Emily] | Misha Dibono [News Anchor] | Sarah Brown [Bill's Receptionist / Sarah] | Pete Lee-Wilson [Dr. Darnoff] | Christian Contreras [Pete]</darsteller>
<plot>Eine stillgelegte russische Weltraumstation geht über New York nieder und bohrt sich tief in die unterirdischen Verkehrs- und Kanalnetze der Stadt. Aus den Trümmern krabbeln in rasante Wachstum begriffene Monsterspinnen und gehen auf Menschenjagd. Zunächst bemerkt die Folgen nur der lokale Transitmanager Jason, dessen Techniker bei näherem Nachsehen das Zeitliche segnen. Gemeinsam mit seiner Ex-Frau, der städtischen Gesundheitsbeauftragten, versucht Jason, die Welt zu warnen. Doch das Militär hat andere Pläne.</plot>
<fsk></fsk>
<code></code>
</item>
<item>
<title>Space Soldiers 2013</title>
<link1>http://180upload.com/2byaggbv8wfd</link1>
<link2>http://www.mightyupload.com/embed-5a1ef5ligcld-645x353.html</link2>
<thumbnail>http://i.imagebanana.com/img/03p1fr00/SpaceSoldiers.jpg</thumbnail>
<fanart>http://d3gtl9l2a4fn1j.cloudfront.net/t/p/original/fMpD7iXhLTh49WQv4cy83xvrvXB.jpg</fanart>
<imdb>6.5</imdb>
<darsteller> Buster Crabbe [Flash Gordon] | Jean Rogers [Dale Arden] | Charles Middleton [Ming the Merciless] | Priscilla Lawson [Princess Aura] | Frank Shannon [Dr. Alexis Zarkov] | Richard Alexander [Prince Barin [Chs. 5-13]] | Jack 'Tiny' Lipson [King Vultan [Chs. 5-13]] | Theodore Lorch [High Priest #2 [Chs. 8-11, 13]] | Richard Tucker [Professor Gordon] | George Cleveland [Professor Hensley]</darsteller>
<plot>Irgendwann in ferner Zukunft: Die Menschheit steht kurz vor dem Aussterben, nachdem das Team von Captain Jekel (Sean Patrick Flanery) im Weltraum auf eine überlegene außerirdische Technologie stößt, die das Gleichgewicht des bekannten Universums zu bedrohen scheint. Der Apparat ist heiß begehrt, denn schon bald wird Jekels Crew von einer ganzen Armada rivalisierender, intergalaktischer Söldner verfolgt und angegriffen. Die Flucht führt sie alle bis in die tiefsten, unerforschtesten Bereiche des Universums. In einem alles entscheidenden Kampf müssen die Insassen der "Revelator" sich und den Chaos-Generator schützen, um uns alle zu retten ...</plot>
<fsk>18</fsk>
<code></code>
</item>
<item>
<title>Mass Effect - Paragon Lost</title>
<link1>http://www.mightyupload.com/embed-qjkumxdy2inj-645x353.html</link1>
<link2>http://www.mightyupload.com/embed-5a1ef5ligcld-645x353.html</link2>
<thumbnail>http://i.imagebanana.com/img/425e7uj1/mass_effect_paragon_lost.jpg</thumbnail>
<fanart></fanart>
<imdb>5.5</imdb>
<darsteller> Laura Bailey [Kamille (voice)] | John Burgmeier [Additional Voices (voice)] | Bruce Carey [Admiral Hackett (voice)] | Justin Cook [Brood (voice)] | Terri Doty [Additional Voices (voice)] | Jason Douglas [Archuk (voice)] | Kara Edwards [Christine (voice)] | Josh Grelle [Nicky (voice)] | Todd Haberkorn [Milque (voice)] | Jerry Jewell [Additional Voices (voice)]</darsteller>
<plot>Das Prequel zu Mass Effect 3 erzählt die Geschichte von Alliance Marine, James Vega. Vega füht eine elite Special Forces Squad in den Krieg gegen eine unbekannte Alien Armee, "The Collectors". Stationiert in einer Kolonie in einer fernen Sternen-Galaxie, sind Vega und seine Soldaten fest dazu entschlossen, die Zivilisation vor einer schonungslosen Invasion zu bewahren.</plot>
<fsk>16</fsk>
<code></code>
</item>
<item>
<title>Beautiful Creatures - Eine unsterbliche Liebe 2013</title>
<link1>http://180upload.com/j8fuh7v7hvcn</link1>
<link2>http://www.mightyupload.com/embed-2fx86imqdvxr-645x353.html</link2>
<thumbnail>http://images.cinefacts.de/thumbs/Beautiful-Creatures-Poster.jpg</thumbnail>
<fanart>http://d3gtl9l2a4fn1j.cloudfront.net/t/p/original/nNLXwveZGi4Dk90Ogw47B4jQVyG.jpg</fanart>
<imdb>6.1</imdb>
<darsteller> Alden Ehrenreich [Ethan Wate] | Alice Englert [Lena Duchannes] | Jeremy Irons [Macon Ravenwood] | Viola Davis [Amma] | Emmy Rossum [Ridley Duchannes] | Thomas Mann [Link] | Emma Thompson [Mrs. Lincoln / Sarafine] | Eileen Atkins [Gramma] | Margo Martindale [Aunt Del] | Zoey Deutch [Emily Asher]</darsteller>
<plot>Ethan (Alden Ehrenreich) lebt ein beschauliches Leben in einer kleinen Stadt im amerikanischen Süden. Eigentlich ist er ein komplett normaler Teenager. Doch sein Leben nimmt eine aufregende Wendung, als er die 15-jährige Lena (Alice Englert) kennenlernt. Lena ist neu in der Stadt und äußerst geheimnisvoll. Ethan ist sofort hin und weg von dem Mädchen. Auch, wenn sie in der Stadt alles andere als beliebt zu sein scheint. Ungewöhnliche Vorkommnisse häufen sich, bis Ethan eines Tages herausfindet, dass auf Lenas Familie ein Fluch lastet; dieser hat zu Folge, dass sich ihre Verwandten u.a. in Hexen oder Dämonen verwandeln. Auch Lena hat magische Kräfte. An ihrem 16. Geburtstag wird das Schicksal entscheiden, ob die dazu veranlagt ist, diese für das Gute oder das Böse einzusetzen. Lena selber hat darüber keine Kontrolle. Während der entscheidene Tag immer näher rückt, gelangen auch andere Geheimnisse ans Licht. Die Liebe der beiden Jugendlichen wird bis auf's Blut getestet. Kann Ethans und Lenas Beziehung das alles überstehen?</plot>
<fsk>12</fsk>
<code></code>
</item>
<item>
<title>Star Trek -The Future Begins 2009</title>
<link1>http://180upload.com/ebfnohd1on3c</link1>
<link2>http://www.mightyupload.com/embed-p5og78xmf4ia-645x353.html</link2>
<thumbnail>http://images.cinefacts.de/thumbs/StarTrek-Filmbild-31827.jpg</thumbnail>
<fanart></fanart>
<imdb>8.0</imdb>
<darsteller> Chris Pine [Kirk] | Zachary Quinto [Spock] | Leonard Nimoy [Spock Prime] | Eric Bana [Nero] | Bruce Greenwood [Pike] | Karl Urban [Bones] | Zoe Saldana [Uhura (as Zoë Saldana)] | Simon Pegg [Scotty] | John Cho [Hikaru Sulu] | Anton Yelchin [Chekov]</darsteller>
<plot></plot>
<fsk>12</fsk>
<code></code>
</item>
<item>
<title>Helldriver UNCUT</title>
<link1>http://180upload.com/82xqxprgso0w</link1>
<link2>http://www.mightyupload.com/embed-0j0rtf9usmue-645x353.html</link2>
<thumbnail>http://images.cinefacts.de/thumbs/Helldriver-Cover-206912.jpg</thumbnail>
<fanart>http://d3gtl9l2a4fn1j.cloudfront.net/t/p/original/2Q6K8BacS2a3RfyFMtXi8QAZl9E.jpg</fanart>
<imdb>5.2</imdb>
<darsteller> Yumiko Hara [Kika] | Eihi Shiina [Rikka] | Kazuki Namioka [Kaito] | Yûrei Yanagi [Taku] | Minoru Torihada [] | Gadarukanaru Taka [ (as Guadalcanal Taka)] | Midori Aoyama [] | Asami [Wall guard] | Yukihide Benny [Man on the wall] | Norman England [Annoyed patron]</darsteller>
<plot>Nachdem ein mysteriöser Ascheregen aus dem Weltall, fasst alle Japaner im Norden des Landes in Zombies verwandelt hat, entschließen sich die Überlebenden die Untoten hinter einer großen Mauer einzusperren. Um die Plage in für alle Mal zu beenden, zieht die schöne Kika mit ihrem Kettensägenschwert und der Hilfe von einigen furchtlosen Kriegern in den Kampf. Hinter der Mauer ist Kikas Ziel ausgerechnet ihre eigene Mutter, die als Königin über die Zombies herrscht.</plot>
<fsk>18</fsk>
<code></code>
</item>
<item>
<title>Supernova</title>
<link1>http://180upload.com/j3c0xaea2z8e</link1>
<link2>http://www.mightyupload.com/embed-47mj6q1rijxg-645x353.html</link2>
<thumbnail>http://images.cinefacts.de/thumbs/Supernova-Cover-115014.jpg</thumbnail>
<fanart>http://d3gtl9l2a4fn1j.cloudfront.net/t/p/original/bsi2rxyCqeYsNl1Y6uK4DTa71Bd.jpg</fanart>
<imdb></imdb>
<darsteller></darsteller>
<plot></plot>
<fsk></fsk>
<code></code>
</item>
<item>
<title>World Invasion - Battle Los Angeles</title>
<link1>http://180upload.com/jybhg2yjchvf</link1>
<link2>http://www.mightyupload.com/embed-9bduszucgh52-645x353.html</link2>
<thumbnail>http://images.cinefacts.de/thumbs/WorldInvasionBattleLosAngeles-Cover-207767.jpg</thumbnail>
<fanart>http://d3gtl9l2a4fn1j.cloudfront.net/t/p/original/eBcjJY0o7GErxmm8SYpslvtjRyM.jpg</fanart>
<imdb></imdb>
<darsteller> Aaron Eckhart [Ssgt. Michael Nantz] | Ramon Rodriguez [2nd Lt. William Martinez] | Will Rothhaar [Cpl. Lee Imlay] | Cory Hardrict [Cpl. Jason Lockett] | Jim Parrack [LCpl. Peter Kerns] | Gino Anthony Pesi [Cpl. Nick Stavrou] | Ne-Yo [Cpl. Kevin Harris] | James Hiroyuki Liao [LCpl. Steven Mottola] | Bridget Moynahan [Michele] | Noel Fisher [Pfc. Shaun Lenihan]</darsteller>
<plot>Überall auf der Erde gehen Meteoritenschwärme nieder, die sich als außerirdische Raumschiffe entpuppen. Rasch attackiert das Geschwader alle Metropolen, wobei sich die überrumpelte Menschheit den erbarmungslosen Invasoren in Sachen Waffenstärke und Kampfgeist deutlich unterlegen zeigt. Bald leistet lediglich die US-Armee in Los Angeles Widerstand gegen einen übermächtigen Feind. Staff-Sergeant Michael Nantz (Aaron Eckhart) erhält den Befehl, aus einer Polizeistation am Santa Monica Airport eine Gruppe überlebender Zivilisten zu retten, wohin ihm sein Marine-Platoon nur widerwillig folgt. Der kurz vor der Entlassung stehende Anführer leidet unter seiner schlechten Reputation, seitdem seine Männer in Afghanistan ums Leben kamen. Unter Verlusten gelingt es der Einheit zwar, die Tierärztin Michelle (Bridget Moynahan), Joe Rincon (Michael Pena) und dessen zwei kleine Söhne aufzuspüren, doch ihnen bleiben lediglich drei Stunden, um das besetzte Areal vor der Air Force-Bombardierung wieder zu verlassen.</plot>
<fsk>16</fsk>
<code></code>
</item>
<item>
<title>Super 8</title>
<link1>http://vidplay.net/cagczkkumaze</link1>
<link2>http://www.mightyupload.com/embed-5vjkdi3yodjm-645x353.html</link2>
<thumbnail>http://images.cinefacts.de/thumbs/Super8-Filmbild-85032.jpg</thumbnail>
<fanart>http://d3gtl9l2a4fn1j.cloudfront.net/t/p/original/exMT7YP7nY2XUHvUOPQxXocpFDg.jpg</fanart>
<imdb>7.1</imdb>
<darsteller> Joel Courtney [Joe Lamb] | Jessica Tuck [Mrs. Kaznyk] | Joel McKinnon Miller [Mr. Kaznyk] | Ryan Lee [Cary] | Zach Mills [Preston] | Riley Griffiths [Charles Kaznyk] | Gabriel Basso [Martin] | Kyle Chandler [Deputy Jackson Lamb] | Ron Eldard [Louis Dainard] | AJ Michalka [Jen Kaznyk]</darsteller>
<plot>Für einen Wettbewerb für Nachwuchsfilmer beschließen fünf Jungs, einen Zombie-Streifen zu drehen. Es ist Sommer in Ohio, der Sommer 1979. Ausgestattet mit 8-mm-Kameras, dem nötigen Ton-Equipment sowie selbst gebastelten Spezial- und Splattereffekten brechen sie eines Nachts für einen Außendreh zu einem abgelegenen Bahnhof auf. Mit dabei ist die frischgebackene Hauptdarstellerin Alice (Elle Fanning), die sehr zur Überraschung der Jungs zugesagt hat. Ein bisschen verknallt sind sie alle in das Mädchen, vor allem aber Regisseur Charles (Riley Griffiths) hofft, seiner Mitschülerin durch den Filmdreh näher zu kommen. Zudem erweist Alice sich als außerordentlich begabt. Als die jungen Filmemacher gerade die erste Szene proben, nähert sich ein massiver Güterzug. Spontan beschließt Charles, diesen in den Film einzubauen. Hektisch werden Kameras und Licht eingerichtet, die Darsteller positioniert und die Aufnahme gestartet – die Jungs ahnen nicht, dass sie gleich ein schreckliches Zugunglück auf Zelluloid bannnen werden. Plötzlich rast ein Pickup-Truck heran, nimmt Kurs auf den Zug und prallt frontal mit ihm zusammen. Das Monstrum aus Stahl entgleist in einer gewaltigen Explosion, Trümmer fliegen durch die Luft, und die Kinder kommen nur knapp mit dem Leben davon. In dem Chaos aus Feuer und Rauch bleibt ihnen nur wenig Zeit, das Geschehen zu verarbeiten. Überall liegt die Ladung des Zuges verstreut – abertausende seltsamer Würfel aus Metall – und aus einem Wagon dringt ein bedrohliches Pochen. Der Fahrer des Pickups ist schwer verletzt, aber er lebt noch. Mit letzter Kraft rät er den Kindern eindringlich, wegzulaufen, nicht zurückzublicken und niemandem zu erzählen, was sie gesehen haben. Kaum hat er seine Warnung ausgesprochen, nähern sich auch schon Scheinwerfer der Unglücksstelle: das Militär rückt an, und die Kinder suchen verängstigt das Weite. In den folgenden Tagen häufen sich unerklärliche Ereignisse in der Kleinstadt der Jungs. Elektrogeräte werden als gestohlen gemeldet, Hunde verlassen in Scharen die Gegend, und schließlich verschwinden Menschen auf mysteriöse Weise. Als die Army das Gebiet auch noch unter Quarantäne stellt, beschließen Alice und die Jungs, den Ereignissen auf den Grund zu gehen.</plot>
<fsk>12</fsk>
<code></code>
</item>
<item>
<title>Paradox</title>
<link1>http://vidplay.net/1ctllubaj6bk</link1>
<link2>http://www.mightyupload.com/embed-z5n66w8t6qf4-645x353.html</link2>
<thumbnail>http://s1.directupload.net/images/130701/temp/2xydgfe9.jpg</thumbnail>
<fanart>http://d3gtl9l2a4fn1j.cloudfront.net/t/p/original/r51quQyW3x8S54EbxVuT3NiXquY.jpg</fanart>
<imdb></imdb>
<darsteller> Tamzin Outhwaite [D.I. Rebecca Flint (5 episodes, 2009)] | Emun Elliott [Dr. Christian King (5 episodes, 2009)] | Mark Bonnar [D.S. Ben Holt (5 episodes, 2009)] | Chiké Okonkwo [D.C. Callum Gada (5 episodes, 2009)] | Lorcan Cranitch [Simon Manning (5 episodes, 2009)] | Abigail Davies [Amelia James (5 episodes, 2009)] | Jonathan Slinger [Stuart Taylor (3 episodes, 2009)] | Pooky Quesnel [D.C.I. Sarah Bower (3 episodes, 2009)] | Adam Foster [D.C. Rob Ritchie (2 episodes, 2009)] | Andi Osho [Sonia (2 episodes, 2009)]</darsteller>
<plot></plot>
<fsk></fsk>
<code></code>
</item>
<item>
<title>The Ark Wir sind nicht allein 2013</title>
<link1>http://vidplay.net/k3d2at3omhyi</link1>
<link2>http://www.mightyupload.com/embed-b11ex9gn3pgl-645x353.html</link2>
<thumbnail>http://s14.directupload.net/images/130705/kmfmetuy.jpg</thumbnail>
<fanart>http://d3gtl9l2a4fn1j.cloudfront.net/t/p/original/9zN8Il849EWYzodGmlvHTwtWXYJ.jpg</fanart>
<imdb></imdb>
<darsteller> Christian Slater [Col. Gerard Brauchman] | Brendan Fehr [Dr. Lance Krauss] | Amy Matysio [Ava Cameron] | Michael Therriault [Bruce Johns] | Mark D. Claxton [Guard #1 (as Mark Claxton)] | </darsteller>
<plot></plot>
<fsk></fsk>
<code></code>
</item>
<item>
<title>The Lost Planet</title>
<link1>http://vidplay.net/h01zq22of0l9</link1>
<link2>http://www.mightyupload.com/embed-6qkprdnohr3c-645x353.html</link2>
<thumbnail>http://s1.directupload.net/images/130706/cto94cqt.jpg</thumbnail>
<fanart>http://d3gtl9l2a4fn1j.cloudfront.net/t/p/original/A9BvMeQ1V0xLHDZgUNKCgIlnfgv.jpg</fanart>
<imdb></imdb>
<darsteller> Bennett White [Bennett the Sage]</darsteller>
<plot></plot>
<fsk></fsk>
<code></code>
</item>
<item>
<title>AE: Apocalypse Earth 2013</title>
<link1>http://vidplay.net/4qxrw4m55x1x</link1>
<link2>http://www.mightyupload.com/embed-lb97luzr7qvk-645x353.html</link2>
<thumbnail>http://s1.directupload.net/images/130720/tory5dpe.jpg</thumbnail>
<fanart></fanart>
<imdb>3.2</imdb>
<darsteller> Adrian Paul, Richard Grieco, Bali Rodriguez</darsteller>
<plot>Als die Erde von einer Invasion Außerirdischer bedroht wird, müssen die Menschen fliehen, um zu überleben. Ein kleine Gruppe der Flüchtlinge landet auf einem entfernten Planeten, aber auch hier werden sie sofort nach der Landung von fremdartigen Wesen angegriffen. Bisher waren sie alle Einzelgänger. Ab sofort müssen sie lernen zusammen zu leben und zu kämpfen, da sie sonst der äußerst brutalen Alien-Streitmacht nichts entgegen setzen können. Werden sie diesen Planeten des Grauens jemals wieder lebend verlassen?</plot>
<fsk>16</fsk>
<code>tt2756412</code>
</item>
<item>
<title>Ice Twister</title>
<link1>http://vidplay.net/ymzomvxqfch3</link1>
<link2>http://www.mightyupload.com/embed-amjg3eykm40e-645x353.html</link2>
<thumbnail>http://s14.directupload.net/images/130816/lvi9a892.jpg</thumbnail>
<fanart>http://d3gtl9l2a4fn1j.cloudfront.net/t/p/original/xInDVYm46yVnJB9OzOfSJ2I0988.jpg</fanart>
<imdb>4.0</imdb>
<darsteller> Mark Moses, Camille Sullivan, Kaj-Erik Eriksen</darsteller>
<plot>Ein wissenschaftliches Experiment geht schrecklich schief! Anstatt Regen zu erzeugen entstehen Eistornados, die rasiermesserscharfe Eissplitter vom Himmel hageln lassen. Alles, was die Wissenschaftler auch versuchen um die Tornados aufzuhalten, funktioniert nicht. Bis der Science-Fiction-Bestseller-Autor Charlie Price mit einer unkonventionellen Idee kommt, an die bisher keiner gedacht hat. Doch kann der Vorschlag rechtzeitig umgesetzt werden, um die Katastrophe zu stoppen?</plot>
<fsk>16</fsk>
<code>title</code>
</item>
<item>
<title>Der jüngste Tag - Das Ende der Menschheit</title>
<link1>http://vidplay.net/rshew98vm582</link1>
<link2>http://www.mightyupload.com/embed-iahzvc4p0pzy-645x353.html</link2>
<thumbnail>http://images.cinefacts.de/thumbs/DerjngsteTagDasEndederMenschheit-Cover-220309.jpg</thumbnail>
<fanart>http://d3gtl9l2a4fn1j.cloudfront.net/t/p/original/tPC1pfjuYcvBVjp1jC3N3wSSueZ.jpg</fanart>
<imdb>3.5</imdb>
<darsteller> Kirk Acevedo, Diane Farr, Chad Krowchuk</darsteller>
<plot>Als ein riesiger Komet mit der Sonne kollidiert, wird der Merkur aus seiner Umlaufbahn katapultiert und ist auf Kollisionskurs mit der Erde. Auch die Gravitationskräfte der Erde sind aus den Fugen geraten und sie droht auseinanderzubrechen. Die einzige Hoffnung für die Rettung der Erde ist eine militärische Geheimwaffe, die die Fähigkeit hat, den Merkur zu zerstören, bevor er auf die Erde trifft. Als man sich auf ihre Suche macht, beginnt ein gnadenloses Rennen gegen die Zeit.</plot>
<fsk>16</fsk>
<code>title</code>
</item>
<item>
<title>Starship Troopers</title>
<link1>http://vidplay.net/kl27jjsldt8m</link1>
<link2>http://www.mightyupload.com/embed-eih1peipc2nq-645x353.html</link2>
<thumbnail>http://images.cinefacts.de/thumbs/StarshipTroopers-Filmbild-19767.jpg</thumbnail>
<fanart>http://d3gtl9l2a4fn1j.cloudfront.net/t/p/original/cYWI1lnHEvoVKDdlrRt2b5et3Bj.jpg</fanart>
<imdb>7.1</imdb>
<darsteller> Casper Van Dien, Dina Meyer, Denise Richards</darsteller>
<plot>Gegen den Willen der Eltern tritt Johnny Rico (Casper Van Dien) nach seinem Schulabschluss der Infanterie bei, um seine Freundin Carmen (Denise Richards) zu beeindrucken. Nach einem tragischen Unfall im Ausbildungslager will Johnny alles hinschmeißen. Doch als die Erde von gigantischen Insekten angegriffen wird und seine Eltern getötet werden, rückt Johnny beim intergalaktischen Krieg ins vorderste Glied. Mit einem gigantischen Science Fiction-Spektakel, dessen Spezialeffekte alles bisher Dagewesene übertreffen, macht Paul Verhoeven seinen großen Reinfall "Showgirls" vergessen. Die Verfilmung des Kultromans von Robert A. Heinlein ist aber nicht nur ein atemberaubend kompromissloser Kriegs-Comic, sondern hält auch der amerikanischen Gesellschaft den Spiegel vor.</plot>
<fsk>16</fsk>
<code>title</code>
</item>
<item>
<title>Starship Troopers 2 - Held der Föderation</title>
<link1>http://vidplay.net/qoclbgrgka22</link1>
<link2>http://www.mightyupload.com/embed-vhxl5vcr9upr-645x353.html</link2>
<thumbnail>http://images.cinefacts.de/thumbs/StarshipTroopers2HeldderFderation-Cover-126102.jpg</thumbnail>
<fanart>http://d3gtl9l2a4fn1j.cloudfront.net/t/p/original/elCm3CYwflEV6EaZdyf9zgS699i.jpg</fanart>
<imdb>3.5</imdb>
<darsteller> Billy Brown, Richard Burgi, Kelly Carlson</darsteller>
<plot>Im andauernden Krieg der Menschen gegen die Bugs gerät eine mobile Infanterieeinheit auf dem Planeten Angel Zulu in einen Hinterhalt und muss sich in einen verlassenen Außenposten der Föderation zurückziehen. Dort treffen sie auf Captain Dax, der zwar nicht gerade für seinen Respekt gegenüber Offizieren bekannt ist, aber große Erfahrung im Kampf gegen die Aliens hat. Mit seiner Hilfe gelingt es, die Verteidigungsanlage wieder in Gang zu bringen. Doch die Ruhe ist nur von kurzer Dauer, eine neue Gefahr droht… von innen!</plot>
<fsk>16</fsk>
<code>title</code>
</item>
<item>
<title>Starship Troopers 3 Marauder</title>
<link1>http://vidplay.net/kyfgxxvjctzq</link1>
<link2>http://www.mightyupload.com/embed-a8rp62p6oygr-645x353.html</link2>
<thumbnail>http://images.cinefacts.de/thumbs/StarshipTroopers3Marauder-Cover-176191.jpg</thumbnail>
<fanart>http://d3gtl9l2a4fn1j.cloudfront.net/t/p/original/qGpwDDiKKKfAiwwsM1TaNDRLkq6.jpg</fanart>
<imdb>4.6</imdb>
<darsteller> Billy Brown, Richard Burgi, Kelly Carlson</darsteller>
<plot>Colonel Johnny Rico meldet sich zurück, um mit seinem Team in geheimer Mission eine kleine Crew von Troopers vom einsamen Planeten OM-1 zu retten. Im Gefecht gegen altbekannte und neue Bugs ist die brandneue „Marauder“-Waffentechnologie ihre letzte Hoffnung, um ein verräterisches Element zu besiegen, das innerhalb der Föderation selbst operiert. Während Captain Lola Beck und der Rest der Starship-Crew unter härtesten Bedingungen ums Überleben kämpfen, wird ihnen langsam klar, dass auf OM-1 etwas ganz und gar nicht in Ordnung ist. Die Bugs scheinen über eine Geheimwaffe zu verfügen, die die ganze menschliche Rasse auslöschen könnte.</plot>
<fsk>18</fsk>
<code>title</code>
</item>
<item>
<title>Star Trek Into Darkness 2013</title>
<link1>http://vidplay.net/rg75fly3w3y5</link1>
<link2>http://www.mightyupload.com/embed-wzi5mki0o22c-645x353.html</link2>
<thumbnail>http://images.cinefacts.de/thumbs/4010884546217-Star-Trek-Into-Darkness.jpg</thumbnail>
<fanart>http://d3gtl9l2a4fn1j.cloudfront.net/t/p/original/mZDS11lSL7WXhDOeNQUnPEkMK0L.jpg</fanart>
<imdb>8.1</imdb>
<darsteller> Chris Pine, Zachary Quinto, Zoe Saldana</darsteller>
<plot>Der geplante Heimflug der Mannschaft der Enterprise entpuppt sich als Desaster: Zu Hause hat eine terroristische Kraft die Sternenflotte zerstört und alles befindet sich im Ausnahmezustand. Captain Kirk macht sich auf den Weg, die treibende Kraft des Terrors zu finden und zu zerstören. Zusammen mit seiner Mannschaft muss er epische Aufgaben meistern, bei denen nicht nur Freundschaften, sondern ganze Existenzen auf dem Spiel stehen.</plot>
<fsk>18</fsk>
<code>title</code>
</item>
<item>
<title>After Earth 2013</title>
<link1>http://vidplay.net/j7lcjhhlulnx</link1>
<link2>http://www.mightyupload.com/embed-h74bv9owpfxy-645x353.html</link2>
<thumbnail>http://images.cinefacts.de/thumbs/After-Earth_dvd_cover.jpg</thumbnail>
<fanart></fanart>
<imdb>4.9</imdb>
<darsteller> Jaden Smith, David Denman, Will Smith</darsteller>
<plot>Nova Prime ist seit 1000 Jahren die neue Heimat der Menschen, nachdem sie die Erde aufgrund einer verheerenden Katastrophe verlassen mussten. General Cypher kehrt nach vielen Jahren Militärdienst zu seiner Familie zurück, um sich um seinen 13-jährigen Sohn Kitai zu kümmern. Während eines Asteroidenhagels wird ihr Schiff beschädigt und sie müssen auf einem unbekannten Planeten notlanden. Da sich Cypher bei dieser Landung verletzt hat, muss Kitai das Gelände erkunden und für Rettung sorgen.</plot>
<fsk>12</fsk>
<code>title</code>
</item>
<item>
<title>Vanishing Waves 2012</title>
<link1>http://vidplay.net/u4tpmninxk4h</link1>
<link2>http://www.mightyupload.com/embed-vx2hxh1athkv-645x353.html</link2>
<thumbnail>http://www.bilder-upload.eu/upload/61d697-1380211687.jpg</thumbnail>
<fanart>http://d3gtl9l2a4fn1j.cloudfront.net/t/p/original/ydtsVuJ7gVes2I5TTLVlErk9qUV.jpg</fanart>
<imdb>6.2</imdb>
<darsteller> Jurga Jutaite, Marius Jampolskis, Brice Fournier</darsteller>
<plot>Der junge Doktor Lukas (Marius Jampolskis) meldet sich freiwillig für ein modernes Forschungsprojekt, bei dem er verkabelt und in einem Salzwasserbecken liegend eine neue revolutionäre Technik ausprobiert, um in die Gedankenwelt anderer einzudringen. Auf diese Weise soll er Kontakt zu der jungen, im Koma liegenden Frau Aurora (Jurga Jutaite) aufnehmen. Zunächst verläuft alles problemlos, doch dann verändert sich die Situation, als die beiden in dieser anderen Welt tatsächlich aufeinandertreffen. In der Traumwelt, die sich die beiden in ihrem Bewusstsein schaffen, gehen sie eine romantische, körperliche Beziehung miteinander ein. Um diese Beziehung nicht zu gefährden, lässt Lukas die Forscher im Unklaren über seine Erkenntnisse, ohne zu wissen, was er damit riskiert.</plot>
<fsk>18</fsk>
<code>tt2208216</code>
</item>
<item>
<title>Europa Report 2013</title>
<link1>http://vidplay.net/zqg5ul25gvro</link1>
<link2>http://www.mightyupload.com/embed-76irdk4tpz1k-645x353.html</link2>
<thumbnail>http://s14.directupload.net/images/131008/4hdhpvh3.jpg</thumbnail>
<fanart>http://d3gtl9l2a4fn1j.cloudfront.net/t/p/original/ehZrtipfxLD9cYFT6kEtKqvY4j4.jpg</fanart>
<imdb>6.5</imdb>
<darsteller> Sharlto Copley, Michael Nyqvist, Christian Camargo</darsteller>
<plot>In der fernen Zukunft berichtet Dr. Samantha Unger (Embeth Davidtz), CEO der Firma „Europa Ventures“, von einer gescheiterten Mission: Eine sechsköpfige Crew von internationalen Astronauten und genialen Wissenschaftlern (u.a. Sharlto Copley, Christian Camargo und Michael Nyqvist) wird im Jahr 2061 auf eine geheime Mission zum vierten Jupitermond mit dem Namen "Europa" geschickt, nachdem viele Jahre zuvor unter dessen Oberfläche Wasser entdeckt wurde. Dort sollen die Wissenschaftler in den Eisbrocken nach möglichen außerirdischen Lebensformen suchen. Nach einem Jahr verlieren sie durch einen technischen Unfall jeglichen Kontakt zur Erde. Das Team will die Mission jedoch zu Ende führen und zeichnet weiterhin den Fortschritt mit Kameras auf. Sie finden neue Nahrungsformen und das Wasser entpuppt sich tatsächlich als flüssig, wodurch all ihre Hoffnungen und ihre Mission erfüllt zu sein scheinen. Die Crew macht sich für die Rückkehr zur Erde bereit, doch plötzlich spielen die Lichtsensoren verrückt und die Bewegungsmelder im Wasser schlagen Alarm...</plot>
<fsk>16</fsk>
<code>title</code>
</item>
</ArrayOfitem>