<?xml version="1.0" encoding="UTF-8" standalone="yes"?>
<addon id="plugin.video.Stream-Oase.tv"
       name="Stream-Oase.tv"
       version="1.0.2"
       provider-name="mentality">
  <requires>
    <import addon="xbmc.python" version="2.1.0"/>
    <import addon="script.module.beautifulsoup" version="3.2.0"/>
    <import addon="script.module.mechanize" version="0.2.5"/>
    <!-- <import addon="script.module.urlresolver" version="0.0.1"/> -->
    <import addon="script.module.t0mm0.common" version="1.1.0"/>
	  </requires>
  <extension point="xbmc.python.pluginsource"
            library="default.py">
        <provides>video</provides>
  </extension>
  <extension point="xbmc.addon.metadata">
    <summary>HD MOVIES</summary>
    <description lang="de">Die Serien wurden implementiert, kleinere fixes. 
Offizielles Plugin Für www.Stream-Oase.tv!!!
Mentality und Stream-Oase wünschen euch viel Spaß !!!!</description>
    <platform>all</platform>
  </extension>
</addon>
